Actor Node | Step: 0 | Output Action: [ 1.        -0.8636868]
Actor Node | Step: 100 | Output Action: [-1.        -0.9136165]
Actor Node | Step: 200 | Output Action: [1.         0.09117261]
Actor Node | Step: 300 | Output Action: [-1. -1.]
Actor Node | Step: 400 | Output Action: [0.67377865 0.8474538 ]
Actor Node | Step: 500 | Output Action: [ 0.80425245 -1.        ]
Actor Node | Step: 600 | Output Action: [ 0.8277213 -1.       ]
Actor Node | Step: 700 | Output Action: [-0.95821303 -1.        ]
Actor Node | Step: 800 | Output Action: [ 0.06188578 -0.47299388]
Actor Node | Step: 900 | Output Action: [ 1. -1.]
Actor Node | Step: 1000 | Output Action: [0.11822483 0.2695995 ]
Actor Node | Step: 1100 | Output Action: [ 1. -1.]
Actor Node | Step: 1200 | Output Action: [ 0.6340152 -0.9594658]
Actor Node | Step: 1300 | Output Action: [-1. -1.]
Actor Node | Step: 1400 | Output Action: [-1.          0.44665048]
Actor Node | Step: 1500 | Output Action: [ 1. -1.]
Actor Node | Step: 1600 | Output Action: [-0.7244485 -1.       ]
Actor Node | Step: 1700 | Output Action: [-0.9659501  -0.13557032]
Actor Node | Step: 1800 | Output Action: [-0.8898547 -0.7295115]
Actor Node | Step: 1900 | Output Action: [0.4370815  0.91297275]
Actor Node | Step: 2000 | Output Action: [1.        0.5064813]
Actor Node | Step: 2100 | Output Action: [-0.59723413  1.        ]
Actor Node | Step: 2200 | Output Action: [-0.21596062 -0.5988714 ]
Actor Node | Step: 2300 | Output Action: [-1.        -0.9145755]
Actor Node | Step: 2400 | Output Action: [ 0.80701166 -0.48509994]
Actor Node | Step: 2500 | Output Action: [1.         0.52752453]
Actor Node | Step: 2600 | Output Action: [-0.937338   0.6574659]
Actor Node | Step: 2700 | Output Action: [ 0.7944481 -1.       ]
Actor Node | Step: 2800 | Output Action: [ 0.359857  -0.9561997]
Actor Node | Step: 2900 | Output Action: [0.22080843 0.36511332]
Actor Node | Step: 3000 | Output Action: [-0.80367535  0.11602447]
Actor Node | Step: 3100 | Output Action: [ 0.84228367 -0.9759834 ]
Actor Node | Step: 3200 | Output Action: [-1.        -0.5849341]
Actor Node | Step: 3300 | Output Action: [ 0.7467971  -0.30842257]
Actor Node | Step: 3400 | Output Action: [-1.        -0.8313146]
Actor Node | Step: 3500 | Output Action: [-0.50461143 -0.8522332 ]
Actor Node | Step: 3600 | Output Action: [-0.13848309 -0.2678098 ]
Actor Node | Step: 3700 | Output Action: [-0.7242489 -0.9233786]
Actor Node | Step: 3800 | Output Action: [0.27645078 0.04249624]
Actor Node | Step: 3900 | Output Action: [0.51155007 0.5957866 ]
Actor Node | Step: 4000 | Output Action: [-0.83078325  0.03365825]
Actor Node | Step: 4100 | Output Action: [-0.86190563 -0.8098157 ]
Actor Node | Step: 4200 | Output Action: [-0.08326121 -0.63874805]
Actor Node | Step: 4300 | Output Action: [-0.33868515 -0.90164745]
Actor Node | Step: 4400 | Output Action: [ 0.7672388 -1.       ]
Actor Node | Step: 4500 | Output Action: [ 0.56602854 -1.        ]
Actor Node | Step: 4600 | Output Action: [-1.          0.64969766]
Actor Node | Step: 4700 | Output Action: [ 0.34301388 -0.66490966]
Actor Node | Step: 4800 | Output Action: [-0.3353278  -0.58221954]
Actor Node | Step: 4900 | Output Action: [-0.8277048   0.57590485]
Actor Node | Step: 5000 | Output Action: [ 0.52485466 -1.        ]
Actor Node | Step: 5100 | Output Action: [-1.         -0.26554868]
Actor Node | Step: 5200 | Output Action: [ 0.6413102 -0.9604035]
Actor Node | Step: 5300 | Output Action: [ 1.        -0.8441996]
Actor Node | Step: 5400 | Output Action: [-0.21205702  0.34976342]
Actor Node | Step: 5500 | Output Action: [-0.75038266 -0.61124486]
Actor Node | Step: 5600 | Output Action: [-1.         -0.59429705]
Actor Node | Step: 5700 | Output Action: [ 0.5593591 -0.8633077]
Actor Node | Step: 5800 | Output Action: [-0.6579217  -0.13782641]
Actor Node | Step: 5900 | Output Action: [-0.53529406  0.09147909]
Actor Node | Step: 6000 | Output Action: [-0.9327261 -0.335186 ]
Actor Node | Step: 6100 | Output Action: [-0.17616457 -0.38873214]
Actor Node | Step: 6200 | Output Action: [0.21628176 0.49972355]
Actor Node | Step: 6300 | Output Action: [ 0.9291247  -0.78270274]
Actor Node | Step: 6400 | Output Action: [-0.19154483  0.6661488 ]
Actor Node | Step: 6500 | Output Action: [-0.23306173  0.7546465 ]
Actor Node | Step: 6600 | Output Action: [-0.6706648  -0.48243764]
Actor Node | Step: 6700 | Output Action: [-1.         -0.40154853]
Actor Node | Step: 6800 | Output Action: [-0.8471836  -0.18304683]
Actor Node | Step: 6900 | Output Action: [-0.54730386 -0.744072  ]
Actor Node | Step: 7000 | Output Action: [ 0.3435143 -0.8454701]
Actor Node | Step: 7100 | Output Action: [-0.10090294 -0.4814377 ]
Actor Node | Step: 7200 | Output Action: [-0.10698873 -0.27609816]
Actor Node | Step: 7300 | Output Action: [-0.33609253  0.5042945 ]
Actor Node | Step: 7400 | Output Action: [ 0.0692788 -0.3104132]
Actor Node | Step: 7500 | Output Action: [ 0.54278874 -0.68868107]
Actor Node | Step: 7600 | Output Action: [-0.65952957 -0.09188985]
Actor Node | Step: 7700 | Output Action: [-1.  1.]
Actor Node | Step: 7800 | Output Action: [-0.8743898  -0.44522494]
Actor Node | Step: 7900 | Output Action: [-1.        -0.6058494]
Actor Node | Step: 8000 | Output Action: [-1.          0.42595518]
Actor Node | Step: 8100 | Output Action: [-0.35382524 -0.19252032]
Actor Node | Step: 8200 | Output Action: [-0.7055241   0.30248868]
Actor Node | Step: 8300 | Output Action: [ 0.07184352 -0.8525409 ]
Actor Node | Step: 8400 | Output Action: [0.74558085 0.49352878]
Actor Node | Step: 8500 | Output Action: [ 0.14377108 -0.4079906 ]
Actor Node | Step: 8600 | Output Action: [-0.9669604  -0.36269635]
Actor Node | Step: 8700 | Output Action: [ 0.15392111 -0.53283834]
Actor Node | Step: 8800 | Output Action: [-0.31947935 -0.53298545]
Actor Node | Step: 8900 | Output Action: [-1.         -0.66654843]
Actor Node | Step: 9000 | Output Action: [-0.10395047  0.0198231 ]
Actor Node | Step: 9100 | Output Action: [-0.7609424   0.08535565]
Actor Node | Step: 9200 | Output Action: [ 0.74268615 -1.        ]
Actor Node | Step: 9300 | Output Action: [-0.2713431  -0.23305048]
Actor Node | Step: 9400 | Output Action: [ 0.54750663 -0.28359824]
Actor Node | Step: 9500 | Output Action: [-0.50628257  0.35647616]
Actor Node | Step: 9600 | Output Action: [-0.32967177 -0.70338297]
Actor Node | Step: 9700 | Output Action: [-0.2629927  -0.08071908]
Actor Node | Step: 9800 | Output Action: [-0.56514955 -0.4267274 ]
Actor Node | Step: 9900 | Output Action: [-0.6958558  -0.63080275]
Actor Node | Step: 10000 | Output Action: [ 0.33978745 -0.6989643 ]
Actor Node | Step: 10100 | Output Action: [ 0.28906476 -0.12016933]
Actor Node | Step: 10200 | Output Action: [ 0.2774215 -0.6862075]
Actor Node | Step: 10300 | Output Action: [0.19894402 0.27983403]
Actor Node | Step: 10400 | Output Action: [0.2543538  0.02509724]
Actor Node | Step: 10500 | Output Action: [-0.0339953 -0.8862753]
Actor Node | Step: 10600 | Output Action: [-0.5124249   0.62665313]
Actor Node | Step: 10700 | Output Action: [-0.72926354 -0.60210717]
Actor Node | Step: 10800 | Output Action: [-0.63599986 -0.23610355]
Actor Node | Step: 10900 | Output Action: [-0.01000693 -0.37127957]
Actor Node | Step: 11000 | Output Action: [-0.23380668  0.17379169]
Actor Node | Step: 11100 | Output Action: [-0.94022346 -0.59732497]
Actor Node | Step: 11200 | Output Action: [1. 1.]
Actor Node | Step: 11300 | Output Action: [-0.36037078 -0.44739076]
Actor Node | Step: 11400 | Output Action: [-0.623747   -0.10161494]
Actor Node | Step: 11500 | Output Action: [-0.58330244  0.29249606]
Actor Node | Step: 11600 | Output Action: [-1.          0.98556966]
Actor Node | Step: 11700 | Output Action: [-0.699938   -0.26517814]
Actor Node | Step: 11800 | Output Action: [-0.4412527  -0.89099765]
Actor Node | Step: 11900 | Output Action: [-0.41655022 -0.8054534 ]
Actor Node | Step: 12000 | Output Action: [-1.          0.28259888]
Actor Node | Step: 12100 | Output Action: [-0.38274223 -0.7609777 ]
Actor Node | Step: 12200 | Output Action: [ 0.86500335 -0.09867611]
Actor Node | Step: 12300 | Output Action: [-0.8373897 -1.       ]
Actor Node | Step: 12400 | Output Action: [-1.          0.13062976]
Actor Node | Step: 12500 | Output Action: [-0.03239707 -0.28508618]
Actor Node | Step: 12600 | Output Action: [-0.09685101 -0.9916133 ]
Actor Node | Step: 12700 | Output Action: [0.28751063 0.85136855]
Actor Node | Step: 12800 | Output Action: [ 0.43939433 -0.4332034 ]
Actor Node | Step: 12900 | Output Action: [-0.3818728 -0.7874815]
Actor Node | Step: 13000 | Output Action: [-1.          0.50973433]
Actor Node | Step: 13100 | Output Action: [-0.32066724 -0.573743  ]
Actor Node | Step: 13200 | Output Action: [-0.09441537 -0.1602462 ]
Actor Node | Step: 13300 | Output Action: [ 0.50570714 -0.6756583 ]
Actor Node | Step: 13400 | Output Action: [-0.4890799  0.6684251]
Actor Node | Step: 13500 | Output Action: [-0.6247542  -0.24279675]
Actor Node | Step: 13600 | Output Action: [1.         0.00390609]
Actor Node | Step: 13700 | Output Action: [-0.88075674  0.3762222 ]
Actor Node | Step: 13800 | Output Action: [0.40251446 0.55619806]
Actor Node | Step: 13900 | Output Action: [-0.4149128  -0.14970733]
Actor Node | Step: 14000 | Output Action: [0.434204   0.13415574]
Actor Node | Step: 14100 | Output Action: [-0.21172898 -0.18647614]
Actor Node | Step: 14200 | Output Action: [-0.7511944  -0.48432338]
Actor Node | Step: 14300 | Output Action: [1.         0.44430447]
Actor Node | Step: 14400 | Output Action: [-0.06674358 -0.18913734]
Actor Node | Step: 14500 | Output Action: [-0.4534616 -0.41839  ]
Actor Node | Step: 14600 | Output Action: [-0.41552243 -0.29351696]
Actor Node | Step: 14700 | Output Action: [-0.79298 -1.     ]
Actor Node | Step: 14800 | Output Action: [-0.96655464  0.12563434]
Actor Node | Step: 14900 | Output Action: [-0.9375375  -0.27776137]
Actor Node | Step: 15000 | Output Action: [0.7714589  0.02275042]
Actor Node | Step: 15100 | Output Action: [-0.13364972 -0.15643692]
Actor Node | Step: 15200 | Output Action: [ 0.23305874 -0.4880855 ]
Actor Node | Step: 15300 | Output Action: [-0.4313273  0.8422962]
Actor Node | Step: 15400 | Output Action: [-0.45809144 -0.02911908]
Actor Node | Step: 15500 | Output Action: [-0.32556373  0.33425105]
Actor Node | Step: 15600 | Output Action: [-0.3046195  -0.90346766]
Actor Node | Step: 15700 | Output Action: [ 0.338137   -0.22599526]
Actor Node | Step: 15800 | Output Action: [ 0.52202356 -0.17982374]
Actor Node | Step: 15900 | Output Action: [-0.4698129 -0.3400458]
Actor Node | Step: 16000 | Output Action: [-0.26746085  0.2638389 ]
Actor Node | Step: 16100 | Output Action: [-0.3017507   0.14222564]
Actor Node | Step: 16200 | Output Action: [ 0.58595985 -0.2766384 ]
Actor Node | Step: 16300 | Output Action: [-0.24040867  0.31826454]
Actor Node | Step: 16400 | Output Action: [ 0.79140186 -0.40220928]
Actor Node | Step: 16500 | Output Action: [0.04264303 0.6072894 ]
Actor Node | Step: 16600 | Output Action: [-0.5598567   0.63089573]
Actor Node | Step: 16700 | Output Action: [0.03871033 0.15684475]
Actor Node | Step: 16800 | Output Action: [0.11958433 0.13180591]
Actor Node | Step: 16900 | Output Action: [-0.41408277 -0.18927453]
Actor Node | Step: 17000 | Output Action: [ 0.07499156 -0.0169189 ]
Actor Node | Step: 17100 | Output Action: [-0.64191896 -0.9906093 ]
Actor Node | Step: 17200 | Output Action: [0.29649758 0.1075628 ]
Actor Node | Step: 17300 | Output Action: [0.19956286 0.23885882]
Actor Node | Step: 17400 | Output Action: [0.4508326  0.93600595]
Actor Node | Step: 17500 | Output Action: [-0.7255298 -0.1195304]
Actor Node | Step: 17600 | Output Action: [ 0.20942621 -0.06716581]
Actor Node | Step: 17700 | Output Action: [-0.0359445  0.9329817]
Actor Node | Step: 17800 | Output Action: [-0.63544285  0.07868149]
Actor Node | Step: 17900 | Output Action: [-0.16571516  0.9378155 ]
Actor Node | Step: 18000 | Output Action: [-0.27650967 -1.        ]
Actor Node | Step: 18100 | Output Action: [-1.         0.6421533]
Actor Node | Step: 18200 | Output Action: [ 0.62660986 -0.72959477]
Actor Node | Step: 18300 | Output Action: [0.4328245  0.50897735]
Actor Node | Step: 18400 | Output Action: [ 0.90687126 -0.57617545]
Actor Node | Step: 18500 | Output Action: [-1.          0.72015554]
Actor Node | Step: 18600 | Output Action: [ 0.6408459 -0.6259156]
Actor Node | Step: 18700 | Output Action: [-0.14813563  0.26840857]
Actor Node | Step: 18800 | Output Action: [-0.20274301  0.17421104]
Actor Node | Step: 18900 | Output Action: [ 0.17152189 -0.18978572]
Actor Node | Step: 19000 | Output Action: [ 0.8852648  -0.22321287]
Actor Node | Step: 19100 | Output Action: [ 0.24122745 -0.84774286]
Actor Node | Step: 19200 | Output Action: [ 0.15133275 -0.34699696]
Actor Node | Step: 19300 | Output Action: [-0.9074141  1.       ]
Actor Node | Step: 19400 | Output Action: [0.7751039 0.5180968]
Actor Node | Step: 19500 | Output Action: [-0.738042   0.6935359]
Actor Node | Step: 19600 | Output Action: [-1.          0.61280674]
Actor Node | Step: 19700 | Output Action: [ 0.4748688  -0.27195808]
Actor Node | Step: 19800 | Output Action: [ 0.13137336 -0.5417099 ]
Actor Node | Step: 19900 | Output Action: [-0.9960993 -0.5964579]
Actor Node | Step: 20000 | Output Action: [-0.7365578 -0.9656709]
Actor Node | Step: 20100 | Output Action: [ 0.04053736 -0.66041464]
Actor Node | Step: 20200 | Output Action: [-0.03616343  0.626577  ]
Actor Node | Step: 20300 | Output Action: [-0.8320588  0.0368246]
Actor Node | Step: 20400 | Output Action: [-1.          0.74972683]
Actor Node | Step: 20500 | Output Action: [ 0.692811  -0.3840555]
Actor Node | Step: 20600 | Output Action: [-0.2866144 -1.       ]
Actor Node | Step: 20700 | Output Action: [-0.69115376 -1.        ]
Actor Node | Step: 20800 | Output Action: [-0.30368036  0.03721338]
Actor Node | Step: 20900 | Output Action: [-0.444986  1.      ]
Actor Node | Step: 21000 | Output Action: [ 0.95972896 -0.08270108]
Actor Node | Step: 21100 | Output Action: [-0.72551674  0.1186798 ]
Actor Node | Step: 21200 | Output Action: [ 0.05969018 -0.31435603]
Actor Node | Step: 21300 | Output Action: [-0.07440987  0.5690068 ]
Actor Node | Step: 21400 | Output Action: [ 0.82718253 -0.53411067]
Actor Node | Step: 21500 | Output Action: [-0.39173955  0.09403354]
Actor Node | Step: 21600 | Output Action: [-0.61656445 -0.4128017 ]
Actor Node | Step: 21700 | Output Action: [0.5733091  0.12739825]
Actor Node | Step: 21800 | Output Action: [0.08302581 0.20183161]
Actor Node | Step: 21900 | Output Action: [0.15709439 0.19121009]
Actor Node | Step: 22000 | Output Action: [ 0.25732994 -0.92639965]
Actor Node | Step: 22100 | Output Action: [ 0.15957083 -0.10192434]
Actor Node | Step: 22200 | Output Action: [-0.19763377  0.8365444 ]
Actor Node | Step: 22300 | Output Action: [ 0.0247283  -0.37496755]
Actor Node | Step: 22400 | Output Action: [-0.68647134 -0.04615746]
Actor Node | Step: 22500 | Output Action: [0.05790035 0.03656198]
Actor Node | Step: 22600 | Output Action: [-0.6095173  0.6228717]
Actor Node | Step: 22700 | Output Action: [-0.12466761  0.41678143]
Actor Node | Step: 22800 | Output Action: [-0.08388895  0.30245736]
Actor Node | Step: 22900 | Output Action: [ 0.6125206  -0.28638798]
Actor Node | Step: 23000 | Output Action: [0.21089287 0.54350245]
Actor Node | Step: 23100 | Output Action: [ 0.8827742  -0.09212278]
Actor Node | Step: 23200 | Output Action: [-0.9452331  -0.07897475]
Actor Node | Step: 23300 | Output Action: [0.7711413  0.13592064]
Actor Node | Step: 23400 | Output Action: [-0.17016858  0.79933506]
Actor Node | Step: 23500 | Output Action: [-0.7669441  -0.07673778]
Actor Node | Step: 23600 | Output Action: [-0.7436998  0.373618 ]
Actor Node | Step: 23700 | Output Action: [0.26122034 0.67981577]
Actor Node | Step: 23800 | Output Action: [-0.6334567   0.26876864]
Actor Node | Step: 23900 | Output Action: [ 0.02773597 -0.73020446]
Actor Node | Step: 24000 | Output Action: [-0.47951946 -0.08122338]
Actor Node | Step: 24100 | Output Action: [0.22362334 0.70311195]
Actor Node | Step: 24200 | Output Action: [0.27222428 0.41879034]
Actor Node | Step: 24300 | Output Action: [-0.10739754  0.3449582 ]
Actor Node | Step: 24400 | Output Action: [0.44331136 0.7692391 ]
Actor Node | Step: 24500 | Output Action: [-0.9413375  -0.35950375]
Actor Node | Step: 24600 | Output Action: [-0.68871295 -0.646796  ]
Actor Node | Step: 24700 | Output Action: [0.8459524  0.77199227]
Actor Node | Step: 24800 | Output Action: [ 1.         -0.14795685]
Actor Node | Step: 24900 | Output Action: [ 0.40960884 -0.5806621 ]
Actor Node | Step: 25000 | Output Action: [0.09868649 0.4766523 ]
Actor Node | Step: 25100 | Output Action: [-0.8483087   0.67778265]
Actor Node | Step: 25200 | Output Action: [-0.00691039  0.49017566]
Actor Node | Step: 25300 | Output Action: [-0.7752785   0.26143956]
Actor Node | Step: 25400 | Output Action: [-0.5530775  0.3323113]
Actor Node | Step: 25500 | Output Action: [ 0.68303853 -1.        ]
Actor Node | Step: 25600 | Output Action: [ 1.         -0.09991853]
Actor Node | Step: 25700 | Output Action: [0.73516804 0.05439894]
Actor Node | Step: 25800 | Output Action: [-0.7828597  0.2692677]
Actor Node | Step: 25900 | Output Action: [0.43913576 0.2982417 ]
Actor Node | Step: 26000 | Output Action: [0.22166249 1.        ]
Actor Node | Step: 26100 | Output Action: [ 1.        -0.4424471]
Actor Node | Step: 26200 | Output Action: [-0.02312492  0.38611057]
Actor Node | Step: 26300 | Output Action: [-0.28099725  0.31069016]
Actor Node | Step: 26400 | Output Action: [-0.18886039  0.9843324 ]
Actor Node | Step: 26500 | Output Action: [ 0.7880754  -0.14322788]
Actor Node | Step: 26600 | Output Action: [0.42085862 0.37140942]
Actor Node | Step: 26700 | Output Action: [ 0.6338283  -0.20754237]
Actor Node | Step: 26800 | Output Action: [-0.4303964   0.29056787]
Actor Node | Step: 26900 | Output Action: [ 0.12908603 -0.09725534]
Actor Node | Step: 27000 | Output Action: [-0.14214893  0.4474358 ]
Actor Node | Step: 27100 | Output Action: [-0.828202  1.      ]
Actor Node | Step: 27200 | Output Action: [ 0.47110298 -0.19559987]
Actor Node | Step: 27300 | Output Action: [3.9037663e-04 5.7839894e-01]
Actor Node | Step: 27400 | Output Action: [-0.58379865  0.48570833]
Actor Node | Step: 27500 | Output Action: [-0.6110063  -0.25146997]
Actor Node | Step: 27600 | Output Action: [-0.08490995  0.43000835]
Actor Node | Step: 27700 | Output Action: [-1.         -0.22348323]
Actor Node | Step: 27800 | Output Action: [0.86861277 0.52972525]
Actor Node | Step: 27900 | Output Action: [-0.08729208  0.37650934]
Actor Node | Step: 28000 | Output Action: [ 0.16192956 -0.20167534]
Actor Node | Step: 28100 | Output Action: [-0.39054048  0.65053505]
Actor Node | Step: 28200 | Output Action: [-0.07176868 -0.5971828 ]
Actor Node | Step: 28300 | Output Action: [0.47648275 0.3055401 ]
Actor Node | Step: 28400 | Output Action: [-0.7839385  0.616316 ]
Actor Node | Step: 28500 | Output Action: [-0.7089694  0.7869796]
Actor Node | Step: 28600 | Output Action: [0.7705767  0.24658103]
Actor Node | Step: 28700 | Output Action: [-0.16704488  0.29240537]
Actor Node | Step: 28800 | Output Action: [0.15591636 0.12719502]
Actor Node | Step: 28900 | Output Action: [ 0.91014564 -0.27044308]
Actor Node | Step: 29000 | Output Action: [-0.44108647  0.50217783]
Actor Node | Step: 29100 | Output Action: [-0.32491556 -0.01248724]
Actor Node | Step: 29200 | Output Action: [-0.18616214  0.9453559 ]
Actor Node | Step: 29300 | Output Action: [0.44706684 0.3730052 ]
Actor Node | Step: 29400 | Output Action: [0.9112602  0.19728744]
Actor Node | Step: 29500 | Output Action: [-0.92437893  0.10180479]
Actor Node | Step: 29600 | Output Action: [ 0.6196331  -0.10099217]
Actor Node | Step: 29700 | Output Action: [0.8420692  0.95997953]
Actor Node | Step: 29800 | Output Action: [-0.71606034  0.10840985]
Actor Node | Step: 29900 | Output Action: [0.54254967 0.48304573]
Actor Node | Step: 30000 | Output Action: [-0.7770575 -0.8755534]
Actor Node | Step: 30100 | Output Action: [ 0.11868081 -0.45110106]
Actor Node | Step: 30200 | Output Action: [ 0.26323125 -0.3953211 ]
Actor Node | Step: 30300 | Output Action: [-0.7343284  0.6175265]
Actor Node | Step: 30400 | Output Action: [ 1.         -0.24016945]
Actor Node | Step: 30500 | Output Action: [-0.05377349  0.5990277 ]
Actor Node | Step: 30600 | Output Action: [0.7242019  0.05920563]
Actor Node | Step: 30700 | Output Action: [ 0.07875489 -0.13024516]
Actor Node | Step: 30800 | Output Action: [-0.47952083  0.71549195]
Actor Node | Step: 30900 | Output Action: [0.25315297 0.7749217 ]
Actor Node | Step: 31000 | Output Action: [-0.895091   0.6579681]
Actor Node | Step: 31100 | Output Action: [0.24232699 0.6799464 ]
Actor Node | Step: 31200 | Output Action: [0.56596667 0.32808003]
Actor Node | Step: 31300 | Output Action: [ 0.25332847 -0.18909736]
Actor Node | Step: 31400 | Output Action: [-0.20036817  0.21992314]
Actor Node | Step: 31500 | Output Action: [-0.24347222 -0.12006824]
Actor Node | Step: 31600 | Output Action: [0.8636683  0.29549223]
Actor Node | Step: 31700 | Output Action: [-0.6781177   0.45067134]
Actor Node | Step: 31800 | Output Action: [-0.29234672 -0.8769189 ]
Actor Node | Step: 31900 | Output Action: [-0.7656767  -0.62689257]
Actor Node | Step: 32000 | Output Action: [-1.          0.15133943]
Actor Node | Step: 32100 | Output Action: [0.50695175 0.5236515 ]
Actor Node | Step: 32200 | Output Action: [-0.398981  1.      ]
Actor Node | Step: 32300 | Output Action: [-0.4123     -0.04372401]
Actor Node | Step: 32400 | Output Action: [ 0.45643887 -0.5692616 ]
Actor Node | Step: 32500 | Output Action: [0.12267917 0.43193322]
Actor Node | Step: 32600 | Output Action: [-0.39742428  0.4581906 ]
Actor Node | Step: 32700 | Output Action: [0.04557604 1.        ]
Actor Node | Step: 32800 | Output Action: [-0.28914168 -0.46528894]
Actor Node | Step: 32900 | Output Action: [0.4455376  0.09661283]
Actor Node | Step: 33000 | Output Action: [-0.79326534 -0.0129488 ]
Actor Node | Step: 33100 | Output Action: [0.5432392 0.5096413]
Actor Node | Step: 33200 | Output Action: [-0.60281456 -0.33507064]
Actor Node | Step: 33300 | Output Action: [-0.00952059  0.95971256]
Actor Node | Step: 33400 | Output Action: [-0.69957715  0.60473764]
Actor Node | Step: 33500 | Output Action: [-0.22460309 -0.16295284]
Actor Node | Step: 33600 | Output Action: [-0.985134  -0.7042186]
Actor Node | Step: 33700 | Output Action: [-0.9395476  0.5020299]
Actor Node | Step: 33800 | Output Action: [-0.2981105  0.6036009]
Actor Node | Step: 33900 | Output Action: [-0.6230196  0.5670001]
Actor Node | Step: 34000 | Output Action: [-0.8328156  0.5145851]
Actor Node | Step: 34100 | Output Action: [-0.5252604  -0.37246972]
Actor Node | Step: 34200 | Output Action: [ 0.5368579 -1.       ]
Actor Node | Step: 34300 | Output Action: [-0.5776215  0.508985 ]
Actor Node | Step: 34400 | Output Action: [0.68944466 0.5865668 ]
Actor Node | Step: 34500 | Output Action: [-0.18419038  0.79652315]
Actor Node | Step: 34600 | Output Action: [ 0.09829243 -0.6139918 ]
Actor Node | Step: 34700 | Output Action: [-0.5638307  1.       ]
Actor Node | Step: 34800 | Output Action: [0.28862095 1.        ]
Actor Node | Step: 34900 | Output Action: [-0.2709464   0.35085815]
Actor Node | Step: 35000 | Output Action: [-0.09024297  0.82687354]
Actor Node | Step: 35100 | Output Action: [-0.00272461  0.04045804]
Actor Node | Step: 35200 | Output Action: [0.80025464 0.08258948]
Actor Node | Step: 35300 | Output Action: [-0.23743866  0.55470127]
Actor Node | Step: 35400 | Output Action: [ 0.01663019 -0.7163933 ]
Actor Node | Step: 35500 | Output Action: [-0.03167083  0.78252685]
Actor Node | Step: 35600 | Output Action: [0.60537267 0.16118006]
Actor Node | Step: 35700 | Output Action: [0.38939583 0.51088333]
Actor Node | Step: 35800 | Output Action: [-0.28446025  0.3183611 ]
Actor Node | Step: 35900 | Output Action: [0.20073643 0.8558095 ]
Actor Node | Step: 36000 | Output Action: [ 1.         -0.12494498]
Actor Node | Step: 36100 | Output Action: [0.32198167 0.88290334]
Actor Node | Step: 36200 | Output Action: [ 0.46682566 -0.0105879 ]
Actor Node | Step: 36300 | Output Action: [-0.6311474   0.18374139]
Actor Node | Step: 36400 | Output Action: [-0.8823786  1.       ]
Actor Node | Step: 36500 | Output Action: [-1.         0.3282055]
Actor Node | Step: 36600 | Output Action: [ 0.5127839 -0.516302 ]
Actor Node | Step: 36700 | Output Action: [-0.17361726  0.1581453 ]
Actor Node | Step: 36800 | Output Action: [-0.8099953   0.18805234]
Actor Node | Step: 36900 | Output Action: [-1.          0.16180603]
Actor Node | Step: 37000 | Output Action: [ 1.        -0.5085247]
Actor Node | Step: 37100 | Output Action: [ 1.         -0.06878284]
Actor Node | Step: 37200 | Output Action: [0.27144274 0.24726489]
Actor Node | Step: 37300 | Output Action: [0.40940198 0.00765109]
Actor Node | Step: 37400 | Output Action: [-0.04104554 -0.93816966]
Actor Node | Step: 37500 | Output Action: [0.80574125 0.7744013 ]
Actor Node | Step: 37600 | Output Action: [0.33328867 0.75708246]
Actor Node | Step: 37700 | Output Action: [0.6565461 1.       ]
Actor Node | Step: 37800 | Output Action: [0.3808425  0.50595415]
Actor Node | Step: 37900 | Output Action: [ 0.8995361 -0.8136129]
Actor Node | Step: 38000 | Output Action: [ 0.16181001 -0.505741  ]
Actor Node | Step: 38100 | Output Action: [-0.18508048  0.19380575]
Actor Node | Step: 38200 | Output Action: [-0.29892537  0.9897464 ]
Actor Node | Step: 38300 | Output Action: [-0.6901934  -0.23517112]
Actor Node | Step: 38400 | Output Action: [-0.5195449 -0.9684031]
Actor Node | Step: 38500 | Output Action: [-0.37015736  1.        ]
Actor Node | Step: 38600 | Output Action: [-0.87134147  0.6454995 ]
Actor Node | Step: 38700 | Output Action: [0.38831335 0.75723225]
Actor Node | Step: 38800 | Output Action: [-0.7638548   0.08490076]
Actor Node | Step: 38900 | Output Action: [-0.47218922 -0.31245613]
Actor Node | Step: 39000 | Output Action: [0.08653708 0.8263632 ]
Actor Node | Step: 39100 | Output Action: [-0.84425455  0.13034883]
Actor Node | Step: 39200 | Output Action: [-0.7329272   0.49556327]
Actor Node | Step: 39300 | Output Action: [-0.44195506 -0.0085487 ]
Actor Node | Step: 39400 | Output Action: [-0.9628149 -0.070209 ]
Actor Node | Step: 39500 | Output Action: [-0.63818085  0.10039334]
Actor Node | Step: 39600 | Output Action: [-1.         -0.03289303]
Actor Node | Step: 39700 | Output Action: [1.         0.20494573]
Actor Node | Step: 39800 | Output Action: [-0.4293073  -0.18256909]
Actor Node | Step: 39900 | Output Action: [0.53364253 0.7170824 ]
Actor Node | Step: 40000 | Output Action: [-0.04953105  1.        ]
Actor Node | Step: 40100 | Output Action: [-0.17674188  0.56401974]
Actor Node | Step: 40200 | Output Action: [-0.27498025  0.20596397]
Actor Node | Step: 40300 | Output Action: [-0.9246546   0.17873706]
Actor Node | Step: 40400 | Output Action: [-0.75972044 -0.2885105 ]
Actor Node | Step: 40500 | Output Action: [ 0.16970012 -0.01570264]
Actor Node | Step: 40600 | Output Action: [1.        0.3290775]
Actor Node | Step: 40700 | Output Action: [-0.10028064  0.8068499 ]
Actor Node | Step: 40800 | Output Action: [0.8588498 0.514555 ]
Actor Node | Step: 40900 | Output Action: [-0.50967675  0.07969032]
Actor Node | Step: 41000 | Output Action: [ 0.4200361 -0.03768  ]
Actor Node | Step: 41100 | Output Action: [-0.6868958  1.       ]
Actor Node | Step: 41200 | Output Action: [-0.70356673 -0.28076318]
Actor Node | Step: 41300 | Output Action: [-0.3019447   0.43035382]
Actor Node | Step: 41400 | Output Action: [ 0.01052533 -0.25829947]
Actor Node | Step: 41500 | Output Action: [-0.52674747 -0.11009042]
Actor Node | Step: 41600 | Output Action: [-0.08703396 -0.17855832]
Actor Node | Step: 41700 | Output Action: [0.04859061 0.7213175 ]
Actor Node | Step: 41800 | Output Action: [-0.4179773  1.       ]
Actor Node | Step: 41900 | Output Action: [0.3067357 0.536336 ]
Actor Node | Step: 42000 | Output Action: [ 0.5747715  -0.15161116]
Actor Node | Step: 42100 | Output Action: [-0.5746728 -0.4733191]
Actor Node | Step: 42200 | Output Action: [-0.9878085  -0.36851153]
Actor Node | Step: 42300 | Output Action: [-0.5825118  0.7275133]
Actor Node | Step: 42400 | Output Action: [0.49329206 0.08695314]
Actor Node | Step: 42500 | Output Action: [-0.5557017   0.10701805]
Actor Node | Step: 42600 | Output Action: [0.49777836 0.34145582]
Actor Node | Step: 42700 | Output Action: [-0.3624354   0.64759964]
Actor Node | Step: 42800 | Output Action: [0.27816957 0.69625545]
Actor Node | Step: 42900 | Output Action: [-0.1506226  1.       ]
Actor Node | Step: 43000 | Output Action: [0.5999769  0.19408505]
Actor Node | Step: 43100 | Output Action: [-0.35776192  0.6003728 ]
Actor Node | Step: 43200 | Output Action: [0.57826185 0.23454772]
Actor Node | Step: 43300 | Output Action: [-0.9335021  0.1572578]
Actor Node | Step: 43400 | Output Action: [0.3083276  0.31262892]
Actor Node | Step: 43500 | Output Action: [-0.31100476 -0.02783955]
Actor Node | Step: 43600 | Output Action: [-0.6082091  -0.43820098]
Actor Node | Step: 43700 | Output Action: [0.6595326  0.01070504]
Actor Node | Step: 43800 | Output Action: [-0.83221096  0.55709237]
Actor Node | Step: 43900 | Output Action: [-0.4680097   0.07518065]
Actor Node | Step: 44000 | Output Action: [-0.4910253  -0.20541227]
Actor Node | Step: 44100 | Output Action: [-0.49593592  0.74234855]
Actor Node | Step: 44200 | Output Action: [-1.          0.21084343]
Actor Node | Step: 44300 | Output Action: [-1.         -0.16432881]
Actor Node | Step: 44400 | Output Action: [0.7028151  0.08050536]
Actor Node | Step: 44500 | Output Action: [0.9750463 0.8787606]
Actor Node | Step: 44600 | Output Action: [0.11997981 0.22485773]
Actor Node | Step: 44700 | Output Action: [ 0.6177614  -0.09324457]
Actor Node | Step: 44800 | Output Action: [-0.84372044  0.66881377]
Actor Node | Step: 44900 | Output Action: [-1.          0.16414137]
Actor Node | Step: 45000 | Output Action: [-0.4811543  -0.32026744]
Actor Node | Step: 45100 | Output Action: [0.2250277  0.05348133]
Actor Node | Step: 45200 | Output Action: [ 0.06044563 -0.03014992]
Actor Node | Step: 45300 | Output Action: [-1.          0.21377884]
Actor Node | Step: 45400 | Output Action: [-0.13622311 -0.18410337]
Actor Node | Step: 45500 | Output Action: [-0.20152524  0.6271869 ]
Actor Node | Step: 45600 | Output Action: [-0.125344    0.22494788]
Actor Node | Step: 45700 | Output Action: [-0.52762395 -0.52113247]
Actor Node | Step: 45800 | Output Action: [-0.43610787  0.1013659 ]
Actor Node | Step: 45900 | Output Action: [-0.88414377  0.7867225 ]
Actor Node | Step: 46000 | Output Action: [-1.        -0.5783041]
Actor Node | Step: 46100 | Output Action: [ 0.6894044  -0.39097178]
Actor Node | Step: 46200 | Output Action: [-0.08631327  0.00855651]
Actor Node | Step: 46300 | Output Action: [ 0.8938698 -0.784675 ]
Actor Node | Step: 46400 | Output Action: [-0.06260367  0.5995252 ]
Actor Node | Step: 46500 | Output Action: [ 0.44310373 -0.97622186]
Actor Node | Step: 46600 | Output Action: [-0.5898611   0.05080003]
Actor Node | Step: 46700 | Output Action: [ 0.914828   -0.21895619]
Actor Node | Step: 46800 | Output Action: [ 0.44295302 -0.21452522]
Actor Node | Step: 46900 | Output Action: [0.81241655 0.47919467]
Actor Node | Step: 47000 | Output Action: [-0.47628886  0.62254006]
Actor Node | Step: 47100 | Output Action: [0.14806657 0.49850997]
Actor Node | Step: 47200 | Output Action: [-0.24372695 -0.90499824]
Actor Node | Step: 47300 | Output Action: [-0.02309167 -0.06310744]
Actor Node | Step: 47400 | Output Action: [ 0.2151149  -0.12551816]
Actor Node | Step: 47500 | Output Action: [0.2540416 1.       ]
Actor Node | Step: 47600 | Output Action: [-0.6604332   0.49758488]
Actor Node | Step: 47700 | Output Action: [-1.         -0.13342914]
Actor Node | Step: 47800 | Output Action: [ 0.559848   -0.82705235]
Actor Node | Step: 47900 | Output Action: [0.48329332 0.6528894 ]
Actor Node | Step: 48000 | Output Action: [-0.12123816  0.01648489]
Actor Node | Step: 48100 | Output Action: [0.25158748 0.9894581 ]
Actor Node | Step: 48200 | Output Action: [-0.6180257  -0.09484453]
Actor Node | Step: 48300 | Output Action: [-0.8269381 -0.523437 ]
Actor Node | Step: 48400 | Output Action: [0.0083341 0.3809149]
Actor Node | Step: 48500 | Output Action: [-0.36507013  0.4778089 ]
Actor Node | Step: 48600 | Output Action: [-0.44543925  0.84979534]
Actor Node | Step: 48700 | Output Action: [-0.63059914 -0.32223207]
Actor Node | Step: 48800 | Output Action: [-0.08123273  0.3330868 ]
Actor Node | Step: 48900 | Output Action: [0.4911708  0.89624983]
Actor Node | Step: 49000 | Output Action: [0.34842402 0.28958377]
Actor Node | Step: 49100 | Output Action: [-0.32544118 -0.07586278]
Actor Node | Step: 49200 | Output Action: [-0.16043235  0.21747671]
Actor Node | Step: 49300 | Output Action: [0.03232089 1.        ]
Actor Node | Step: 49400 | Output Action: [-0.02821425  0.5274642 ]
Actor Node | Step: 49500 | Output Action: [-0.8069495 -0.69423  ]
Actor Node | Step: 49600 | Output Action: [ 0.8317     -0.13103229]
Actor Node | Step: 49700 | Output Action: [ 0.3604997  -0.05498885]
Actor Node | Step: 49800 | Output Action: [-0.21558185 -0.9890571 ]
Actor Node | Step: 49900 | Output Action: [-0.2386504  1.       ]
Actor Node | Step: 50000 | Output Action: [-0.5870618  0.9714891]
Actor Node | Step: 50100 | Output Action: [0.13030033 0.25570473]
Actor Node | Step: 50200 | Output Action: [-0.03225052 -0.2466659 ]
Actor Node | Step: 50300 | Output Action: [-0.03967734 -0.5185315 ]
Actor Node | Step: 50400 | Output Action: [0.4003892 0.9933983]
Actor Node | Step: 50500 | Output Action: [0.19481161 0.432     ]
Actor Node | Step: 50600 | Output Action: [-0.49472344  1.        ]
Actor Node | Step: 50700 | Output Action: [ 0.0947088 -0.5111378]
Actor Node | Step: 50800 | Output Action: [ 0.28920278 -0.13251159]
Actor Node | Step: 50900 | Output Action: [-1.  1.]
Actor Node | Step: 51000 | Output Action: [0.12026724 1.        ]
Actor Node | Step: 51100 | Output Action: [-0.729717    0.01384252]
Actor Node | Step: 51200 | Output Action: [-0.09044448  0.8044532 ]
Actor Node | Step: 51300 | Output Action: [0.5740891  0.21250834]
Actor Node | Step: 51400 | Output Action: [0.8415224  0.17181842]
Actor Node | Step: 51500 | Output Action: [ 0.56818485 -0.18834141]
Actor Node | Step: 51600 | Output Action: [-0.18654661  0.32829538]
Actor Node | Step: 51700 | Output Action: [ 0.03191888 -0.9109805 ]
Actor Node | Step: 51800 | Output Action: [0.568531  0.0634363]
Actor Node | Step: 51900 | Output Action: [ 0.08670856 -0.7085604 ]
Actor Node | Step: 52000 | Output Action: [ 0.2659474  -0.45366904]
Actor Node | Step: 52100 | Output Action: [-0.20259851  0.85713214]
Actor Node | Step: 52200 | Output Action: [-0.65253085 -0.5113299 ]
Actor Node | Step: 52300 | Output Action: [-0.4719694   0.75399184]
Actor Node | Step: 52400 | Output Action: [-0.09292542  0.0234342 ]
Actor Node | Step: 52500 | Output Action: [-0.34679073  0.26646528]
Actor Node | Step: 52600 | Output Action: [0.14156301 0.11410702]
Actor Node | Step: 52700 | Output Action: [ 0.93660504 -0.39827284]
Actor Node | Step: 52800 | Output Action: [-0.5404422  -0.21208955]
Actor Node | Step: 52900 | Output Action: [0.4500486 0.4587228]
Actor Node | Step: 53000 | Output Action: [-0.32390663  0.14690559]
Actor Node | Step: 53100 | Output Action: [ 0.25079596 -0.65146637]
Actor Node | Step: 53200 | Output Action: [0.17140216 0.7085743 ]
Actor Node | Step: 53300 | Output Action: [-0.24981767  0.4763136 ]
Actor Node | Step: 53400 | Output Action: [-0.19012183 -0.5864562 ]
Actor Node | Step: 53500 | Output Action: [-0.25793177  0.11639734]
Actor Node | Step: 53600 | Output Action: [-0.8793212  -0.29127595]
Actor Node | Step: 53700 | Output Action: [-0.27711028 -0.59491545]
Actor Node | Step: 53800 | Output Action: [-0.88638294 -0.48161173]
Actor Node | Step: 53900 | Output Action: [0.85470074 0.891411  ]
Actor Node | Step: 54000 | Output Action: [-0.19499154  0.18011697]
Actor Node | Step: 54100 | Output Action: [-0.12190378 -0.5706183 ]
Actor Node | Step: 54200 | Output Action: [-0.49131387  0.8405868 ]
Actor Node | Step: 54300 | Output Action: [-0.7977309   0.39707386]
Actor Node | Step: 54400 | Output Action: [0.48588833 0.11337686]
Actor Node | Step: 54500 | Output Action: [ 0.331405   -0.33572304]
Actor Node | Step: 54600 | Output Action: [ 0.6585181 -1.       ]
Actor Node | Step: 54700 | Output Action: [-0.5514547  -0.15267558]
Actor Node | Step: 54800 | Output Action: [0.05474713 0.14801137]
Actor Node | Step: 54900 | Output Action: [-0.26708737  0.8361655 ]
Actor Node | Step: 55000 | Output Action: [0.19245397 0.6434947 ]
Actor Node | Step: 55100 | Output Action: [0.20704977 0.46036327]
Actor Node | Step: 55200 | Output Action: [-0.41798475  0.5385328 ]
Actor Node | Step: 55300 | Output Action: [-0.49443808 -0.05561008]
Actor Node | Step: 55400 | Output Action: [ 0.96968794 -0.10750501]
Actor Node | Step: 55500 | Output Action: [-0.17381497  0.51249415]
Actor Node | Step: 55600 | Output Action: [-0.43360946 -0.3008083 ]
Actor Node | Step: 55700 | Output Action: [-0.05589591 -0.6189216 ]
Actor Node | Step: 55800 | Output Action: [ 0.18451023 -0.56914204]
Actor Node | Step: 55900 | Output Action: [1.         0.91634923]
Actor Node | Step: 56000 | Output Action: [0.06728337 0.28120828]
Actor Node | Step: 56100 | Output Action: [-0.1199957   0.79788995]
Actor Node | Step: 56200 | Output Action: [ 0.46064526 -0.16981481]
Actor Node | Step: 56300 | Output Action: [-1.         0.6461288]
Actor Node | Step: 56400 | Output Action: [-0.8265952   0.08276428]
Actor Node | Step: 56500 | Output Action: [-0.88020205 -0.35958913]
Actor Node | Step: 56600 | Output Action: [0.3850176 0.5636677]
Actor Node | Step: 56700 | Output Action: [-0.07910331  0.88633   ]
Actor Node | Step: 56800 | Output Action: [-0.76396716 -0.18130988]
Actor Node | Step: 56900 | Output Action: [-0.30718973  0.15673245]
Actor Node | Step: 57000 | Output Action: [-0.07720121  1.        ]
Actor Node | Step: 57100 | Output Action: [ 0.44681948 -0.5938793 ]
Actor Node | Step: 57200 | Output Action: [-1.         -0.15297037]
Actor Node | Step: 57300 | Output Action: [ 0.08431307 -0.17327605]
Actor Node | Step: 57400 | Output Action: [-0.8904602   0.50327134]
Actor Node | Step: 57500 | Output Action: [ 0.24220969 -0.4936235 ]
Actor Node | Step: 57600 | Output Action: [0.15176383 0.48339853]
Actor Node | Step: 57700 | Output Action: [ 0.440896   -0.33461836]
Actor Node | Step: 57800 | Output Action: [0.20606664 0.6021149 ]
Actor Node | Step: 57900 | Output Action: [0.7056467  0.02864455]
Actor Node | Step: 58000 | Output Action: [-0.9593799  0.7301584]
Actor Node | Step: 58100 | Output Action: [0.77553713 0.4260654 ]
Actor Node | Step: 58200 | Output Action: [ 0.4049152  -0.51244116]
Actor Node | Step: 58300 | Output Action: [0.02946339 0.7114847 ]
Actor Node | Step: 58400 | Output Action: [-0.53266513 -0.03803235]
Actor Node | Step: 58500 | Output Action: [-0.39682525  0.83426034]
Actor Node | Step: 58600 | Output Action: [0.35816622 0.1422687 ]
Actor Node | Step: 58700 | Output Action: [ 1.         -0.03681498]
Actor Node | Step: 58800 | Output Action: [-1.          0.24070257]
Actor Node | Step: 58900 | Output Action: [ 0.04419826 -0.17096458]
Actor Node | Step: 59000 | Output Action: [0.2651539 0.9472364]
Actor Node | Step: 59100 | Output Action: [ 0.12798522 -0.3295689 ]
Actor Node | Step: 59200 | Output Action: [0.6673341  0.27795315]
Actor Node | Step: 59300 | Output Action: [0.22102404 0.31858203]
Actor Node | Step: 59400 | Output Action: [-0.39405516 -0.14912923]
Actor Node | Step: 59500 | Output Action: [-0.21637434  1.        ]
Actor Node | Step: 59600 | Output Action: [0.53643894 0.35934922]
Actor Node | Step: 59700 | Output Action: [0.12552683 0.4522946 ]
Actor Node | Step: 59800 | Output Action: [ 0.10518678 -0.00170757]
Actor Node | Step: 59900 | Output Action: [0.77046144 0.6789069 ]
Actor Node | Step: 60000 | Output Action: [-1.         -0.62425244]
Actor Node | Step: 60100 | Output Action: [-0.12101813 -0.5235429 ]
Actor Node | Step: 60200 | Output Action: [-0.11926796 -0.04039948]
Actor Node | Step: 60300 | Output Action: [ 0.8723409  -0.34615368]
Actor Node | Step: 60400 | Output Action: [0.00839891 0.78377813]
Actor Node | Step: 60500 | Output Action: [0.41921908 0.22416651]
Actor Node | Step: 60600 | Output Action: [-1.        -0.6104425]
Actor Node | Step: 60700 | Output Action: [-0.6400418  -0.27416748]
Actor Node | Step: 60800 | Output Action: [-0.5836918  0.7435353]
Actor Node | Step: 60900 | Output Action: [-0.76995665 -0.38577887]
Actor Node | Step: 61000 | Output Action: [0.5089483  0.15619735]
Actor Node | Step: 61100 | Output Action: [-0.27216083 -0.25056154]
Actor Node | Step: 61200 | Output Action: [-0.42922005  0.11435398]
Actor Node | Step: 61300 | Output Action: [-0.8179785   0.00685627]
Actor Node | Step: 61400 | Output Action: [-0.91293144  0.4059777 ]
Actor Node | Step: 61500 | Output Action: [-0.09816072  0.1886032 ]
Actor Node | Step: 61600 | Output Action: [-0.9407646  -0.37258765]
Actor Node | Step: 61700 | Output Action: [-0.5807403  0.6792564]
Actor Node | Step: 61800 | Output Action: [-0.73204046  0.31318292]
Actor Node | Step: 61900 | Output Action: [-0.03512524 -0.36245883]
Actor Node | Step: 62000 | Output Action: [-0.29449102  0.21590036]
Actor Node | Step: 62100 | Output Action: [-0.30679527  1.        ]
Actor Node | Step: 62200 | Output Action: [-1.         0.4234556]
Actor Node | Step: 62300 | Output Action: [ 0.13779528 -0.58322793]
Actor Node | Step: 62400 | Output Action: [0.6770342  0.31898603]
Actor Node | Step: 62500 | Output Action: [0.01032614 0.95699596]
Actor Node | Step: 62600 | Output Action: [-0.21185367  0.01336068]
Actor Node | Step: 62700 | Output Action: [ 0.15198782 -0.48717457]
Actor Node | Step: 62800 | Output Action: [-0.16167414  0.561123  ]
Actor Node | Step: 62900 | Output Action: [-0.15731624 -0.38361368]
Actor Node | Step: 63000 | Output Action: [-0.42686114 -0.3103287 ]
Actor Node | Step: 63100 | Output Action: [-0.5411621   0.60589767]
Actor Node | Step: 63200 | Output Action: [-0.26074797 -0.25733256]
Actor Node | Step: 63300 | Output Action: [ 0.46833506 -0.76078117]
Actor Node | Step: 63400 | Output Action: [-0.22040646  0.4845707 ]
Actor Node | Step: 63500 | Output Action: [0.8670158  0.25267428]
Actor Node | Step: 63600 | Output Action: [-0.53998023  0.29463995]
Actor Node | Step: 63700 | Output Action: [0.36029994 0.16172104]
Actor Node | Step: 63800 | Output Action: [0.73875064 0.21672963]
Actor Node | Step: 63900 | Output Action: [-0.7754043  -0.67394036]
Actor Node | Step: 64000 | Output Action: [-0.49403116  0.39873862]
Actor Node | Step: 64100 | Output Action: [-0.14683266  0.09548498]
Actor Node | Step: 64200 | Output Action: [0.12240703 0.25879332]
Actor Node | Step: 64300 | Output Action: [-0.741551    0.52775395]
Actor Node | Step: 64400 | Output Action: [-0.3730383  -0.03155123]
Actor Node | Step: 64500 | Output Action: [-0.55656093  0.05451695]
Actor Node | Step: 64600 | Output Action: [-0.17397793  0.03171125]
Actor Node | Step: 64700 | Output Action: [-0.23094928 -0.6005146 ]
Actor Node | Step: 64800 | Output Action: [-1.         0.5945337]
Actor Node | Step: 64900 | Output Action: [0.03600726 0.13084099]
Actor Node | Step: 65000 | Output Action: [0.06639484 0.22690694]
Actor Node | Step: 65100 | Output Action: [-0.52168745  0.139197  ]
Actor Node | Step: 65200 | Output Action: [-0.85507184  0.44192547]
Actor Node | Step: 65300 | Output Action: [0.32703504 0.103627  ]
Actor Node | Step: 65400 | Output Action: [-0.472975   -0.37434086]
Actor Node | Step: 65500 | Output Action: [-0.13472567  0.82914096]
Actor Node | Step: 65600 | Output Action: [-0.1170657   0.49414507]
Actor Node | Step: 65700 | Output Action: [0.03933194 0.17686777]
Actor Node | Step: 65800 | Output Action: [ 0.114539   -0.17690797]
Actor Node | Step: 65900 | Output Action: [ 0.3472454 -0.5465566]
Actor Node | Step: 66000 | Output Action: [-0.26505372  0.26372334]
Actor Node | Step: 66100 | Output Action: [-0.85006654 -0.15957773]
Actor Node | Step: 66200 | Output Action: [-0.51974386 -0.5384982 ]
Actor Node | Step: 66300 | Output Action: [0.550238   0.07975424]
Actor Node | Step: 66400 | Output Action: [-0.38950905  0.02391853]
Actor Node | Step: 66500 | Output Action: [ 0.5548988  -0.10772544]
Actor Node | Step: 66600 | Output Action: [ 0.9405388  -0.01462977]
Actor Node | Step: 66700 | Output Action: [0.7513535 0.1555692]
Actor Node | Step: 66800 | Output Action: [0.40664023 0.819534  ]
Actor Node | Step: 66900 | Output Action: [-0.9573932  0.6776027]
Actor Node | Step: 67000 | Output Action: [-0.25202268  0.02481701]
Actor Node | Step: 67100 | Output Action: [0.59324646 0.5430901 ]
Actor Node | Step: 67200 | Output Action: [-0.54804176 -0.5945685 ]
Actor Node | Step: 67300 | Output Action: [0.4150261 0.3074941]
Actor Node | Step: 67400 | Output Action: [0.3688126  0.05970871]
Actor Node | Step: 67500 | Output Action: [0.0970201  0.37837973]
Actor Node | Step: 67600 | Output Action: [-0.80689555  0.5515599 ]
Actor Node | Step: 67700 | Output Action: [-0.03097736 -0.24843164]
Actor Node | Step: 67800 | Output Action: [-0.6637948  0.6431224]
Actor Node | Step: 67900 | Output Action: [-0.12699935  0.2853044 ]
Actor Node | Step: 68000 | Output Action: [-0.28531554 -0.6947714 ]
Actor Node | Step: 68100 | Output Action: [-0.9003956  -0.40264824]
Actor Node | Step: 68200 | Output Action: [0.22991976 0.05752301]
Actor Node | Step: 68300 | Output Action: [-0.50109553  0.43329662]
Actor Node | Step: 68400 | Output Action: [-0.21920158  0.15766661]
Actor Node | Step: 68500 | Output Action: [-0.72036105  0.71525484]
Actor Node | Step: 68600 | Output Action: [ 0.16600513 -0.35558453]
Actor Node | Step: 68700 | Output Action: [ 0.09135283 -0.23358403]
Actor Node | Step: 68800 | Output Action: [-0.8021627 -0.5223808]
Actor Node | Step: 68900 | Output Action: [0.14005187 0.41307396]
Actor Node | Step: 69000 | Output Action: [-0.2692265   0.46348733]
Actor Node | Step: 69100 | Output Action: [ 0.36997017 -0.84670013]
Actor Node | Step: 69200 | Output Action: [-1.         -0.91487765]
Actor Node | Step: 69300 | Output Action: [-0.48706263  0.5697613 ]
Actor Node | Step: 69400 | Output Action: [ 0.13116004 -0.07501402]
Actor Node | Step: 69500 | Output Action: [-0.1044864   0.28324586]
Actor Node | Step: 69600 | Output Action: [-0.2580636  0.5218334]
Actor Node | Step: 69700 | Output Action: [ 0.02599282 -0.33205357]
Actor Node | Step: 69800 | Output Action: [0.46889272 0.8025269 ]
Actor Node | Step: 69900 | Output Action: [-0.43278074  0.31325242]
Actor Node | Step: 70000 | Output Action: [ 0.4496417 -0.4937903]
Actor Node | Step: 70100 | Output Action: [-0.3416843 -0.6763786]
Actor Node | Step: 70200 | Output Action: [0.45128202 0.05340309]
Actor Node | Step: 70300 | Output Action: [0.04777996 0.33816656]
Actor Node | Step: 70400 | Output Action: [0.35623005 0.15228522]
Actor Node | Step: 70500 | Output Action: [-0.14124401 -0.4558586 ]
Actor Node | Step: 70600 | Output Action: [ 0.3368538 -0.348973 ]
Actor Node | Step: 70700 | Output Action: [0.04771912 0.4907424 ]
Actor Node | Step: 70800 | Output Action: [-0.8352771  -0.09124089]
Actor Node | Step: 70900 | Output Action: [0.80202615 0.48700297]
Actor Node | Step: 71000 | Output Action: [0.479828   0.38145533]
Actor Node | Step: 71100 | Output Action: [0.06232994 1.        ]
Actor Node | Step: 71200 | Output Action: [0.66583407 0.6941784 ]
Actor Node | Step: 71300 | Output Action: [-0.05930573  0.47002664]
Actor Node | Step: 71400 | Output Action: [0.47167936 0.4945234 ]
Actor Node | Step: 71500 | Output Action: [-0.39905202  0.22350276]
Actor Node | Step: 71600 | Output Action: [-0.25907105  0.17100884]
Actor Node | Step: 71700 | Output Action: [-0.9675405  -0.05606685]
Actor Node | Step: 71800 | Output Action: [-0.2890949   0.42511076]
Actor Node | Step: 71900 | Output Action: [-0.60278577  0.30349407]
Actor Node | Step: 72000 | Output Action: [-0.6456037  -0.62211543]
Actor Node | Step: 72100 | Output Action: [-0.9600557  0.7000395]
Actor Node | Step: 72200 | Output Action: [1.        0.7227687]
Actor Node | Step: 72300 | Output Action: [-0.14190412 -0.5157925 ]
Actor Node | Step: 72400 | Output Action: [ 0.06192133 -0.27547452]
Actor Node | Step: 72500 | Output Action: [ 0.5073808  -0.02217975]
Actor Node | Step: 72600 | Output Action: [-0.6565818  -0.02688622]
Actor Node | Step: 72700 | Output Action: [-0.08759222 -0.11966549]
Actor Node | Step: 72800 | Output Action: [-0.75400615  0.6706006 ]
Actor Node | Step: 72900 | Output Action: [-0.7333623  -0.03456596]
Actor Node | Step: 73000 | Output Action: [0.00411293 0.89778584]
Actor Node | Step: 73100 | Output Action: [-0.44994783  0.35997155]
Actor Node | Step: 73200 | Output Action: [-1.         -0.02893844]
Actor Node | Step: 73300 | Output Action: [ 0.8096839  -0.13419965]
Actor Node | Step: 73400 | Output Action: [0.07362908 0.13777635]
Actor Node | Step: 73500 | Output Action: [0.70661306 0.2910295 ]
Actor Node | Step: 73600 | Output Action: [1.        0.7277984]
Actor Node | Step: 73700 | Output Action: [0.24319239 0.23267232]
Actor Node | Step: 73800 | Output Action: [-1.         -0.27710968]
Actor Node | Step: 73900 | Output Action: [-0.1196499  -0.34002587]
Actor Node | Step: 74000 | Output Action: [ 0.01667666 -0.36475897]
Actor Node | Step: 74100 | Output Action: [0.4411483  0.09135714]
Actor Node | Step: 74200 | Output Action: [0.31906807 0.29636723]
Actor Node | Step: 74300 | Output Action: [-0.8683702 -0.2306563]
Actor Node | Step: 74400 | Output Action: [-0.06089913  0.06582712]
Actor Node | Step: 74500 | Output Action: [0.7167753  0.16896233]
Actor Node | Step: 74600 | Output Action: [ 0.5879363 -0.9790065]
Actor Node | Step: 74700 | Output Action: [0.652268   0.44089243]
Actor Node | Step: 74800 | Output Action: [ 0.69045264 -0.11697926]
Actor Node | Step: 74900 | Output Action: [0.08014339 0.82288784]
Actor Node | Step: 75000 | Output Action: [0.46142843 0.51172954]
Actor Node | Step: 75100 | Output Action: [-0.2988083  0.2808252]
Actor Node | Step: 75200 | Output Action: [-0.2340508  0.2572448]
Actor Node | Step: 75300 | Output Action: [-0.84454983  0.6289161 ]
Actor Node | Step: 75400 | Output Action: [-0.6544401   0.04319841]
Actor Node | Step: 75500 | Output Action: [-0.6786615 -0.4999738]
Actor Node | Step: 75600 | Output Action: [0.03191083 0.39116022]
Actor Node | Step: 75700 | Output Action: [-0.70851827  0.13647926]
Actor Node | Step: 75800 | Output Action: [0.5796315 0.1533265]
Actor Node | Step: 75900 | Output Action: [-0.49839345  0.7040537 ]
Actor Node | Step: 76000 | Output Action: [ 0.30855283 -0.33045566]
Actor Node | Step: 76100 | Output Action: [0.15086307 0.6570222 ]
Actor Node | Step: 76200 | Output Action: [0.87109095 0.86446226]
Actor Node | Step: 76300 | Output Action: [0.04305464 0.40619385]
Actor Node | Step: 76400 | Output Action: [0.52241087 0.8289332 ]
Actor Node | Step: 76500 | Output Action: [1.         0.37555283]
Actor Node | Step: 76600 | Output Action: [0.961736   0.51400435]
Actor Node | Step: 76700 | Output Action: [0.19382033 0.83524764]
Actor Node | Step: 76800 | Output Action: [ 0.42426157 -0.5056313 ]
Actor Node | Step: 76900 | Output Action: [0.03428375 0.12812944]
Actor Node | Step: 77000 | Output Action: [0.41910914 0.08031537]
Actor Node | Step: 77100 | Output Action: [-0.3261041   0.42450777]
Actor Node | Step: 77200 | Output Action: [-0.1234214  0.5517702]
Actor Node | Step: 77300 | Output Action: [-0.09968192 -0.37122995]
Actor Node | Step: 77400 | Output Action: [0.5944165  0.25225985]
Actor Node | Step: 77500 | Output Action: [-0.89519054  0.4844599 ]
Actor Node | Step: 77600 | Output Action: [-0.13468844 -0.61227703]
Actor Node | Step: 77700 | Output Action: [-0.655004    0.74610156]
Actor Node | Step: 77800 | Output Action: [ 0.55724853 -0.6962887 ]
Actor Node | Step: 77900 | Output Action: [ 0.08179541 -0.417841  ]
Actor Node | Step: 78000 | Output Action: [ 0.88969773 -0.36699843]
Actor Node | Step: 78100 | Output Action: [0.49814546 0.82670873]
Actor Node | Step: 78200 | Output Action: [-0.6044731 -0.4117239]
Actor Node | Step: 78300 | Output Action: [0.59346235 0.43027964]
Actor Node | Step: 78400 | Output Action: [0.1351134 0.556134 ]
Actor Node | Step: 78500 | Output Action: [ 0.06168126 -0.24826221]
Actor Node | Step: 78600 | Output Action: [ 0.803381   -0.27938724]
Actor Node | Step: 78700 | Output Action: [-0.36890316  0.81609356]
Actor Node | Step: 78800 | Output Action: [-0.4637162   0.05360795]
Actor Node | Step: 78900 | Output Action: [ 0.31355888 -0.42839387]
Actor Node | Step: 79000 | Output Action: [-0.07307413 -0.89062005]
Actor Node | Step: 79100 | Output Action: [-0.2000925   0.20814784]
Actor Node | Step: 79200 | Output Action: [-0.1739426 -0.5048002]
Actor Node | Step: 79300 | Output Action: [-0.5697041 -0.4354537]
Actor Node | Step: 79400 | Output Action: [ 0.05072057 -0.44737282]
Actor Node | Step: 79500 | Output Action: [0.26468158 0.21462774]
Actor Node | Step: 79600 | Output Action: [ 0.26628685 -0.57556707]
Actor Node | Step: 79700 | Output Action: [ 0.174899   -0.62518203]
Actor Node | Step: 79800 | Output Action: [0.14067788 0.45365685]
Actor Node | Step: 79900 | Output Action: [-0.2809731   0.77805674]
Actor Node | Step: 80000 | Output Action: [0.14611697 0.6074958 ]
Actor Node | Step: 80100 | Output Action: [0.28601655 0.12453896]
Actor Node | Step: 80200 | Output Action: [-0.22006926 -0.5741577 ]
Actor Node | Step: 80300 | Output Action: [ 0.36109012 -0.02030631]
Actor Node | Step: 80400 | Output Action: [-0.8101549  -0.87820774]
Actor Node | Step: 80500 | Output Action: [-0.746628  1.      ]
Actor Node | Step: 80600 | Output Action: [-1.         -0.20557107]
Actor Node | Step: 80700 | Output Action: [ 0.7934412 -0.3425108]
Actor Node | Step: 80800 | Output Action: [ 0.28102133 -0.24925153]
Actor Node | Step: 80900 | Output Action: [0.05542483 0.9061639 ]
Actor Node | Step: 81000 | Output Action: [-0.79351985 -0.36900055]
Actor Node | Step: 81100 | Output Action: [ 0.50633013 -0.691922  ]
Actor Node | Step: 81200 | Output Action: [-0.00851803 -0.2318759 ]
Actor Node | Step: 81300 | Output Action: [0.28433907 0.79633754]
Actor Node | Step: 81400 | Output Action: [0.892133   0.40854287]
Actor Node | Step: 81500 | Output Action: [-0.27398452  0.1613127 ]
Actor Node | Step: 81600 | Output Action: [ 0.5868354  -0.07746902]
Actor Node | Step: 81700 | Output Action: [0.5875274 1.       ]
Actor Node | Step: 81800 | Output Action: [ 0.8480494  -0.41249287]
Actor Node | Step: 81900 | Output Action: [ 0.68345815 -0.48348233]
Actor Node | Step: 82000 | Output Action: [-0.6936525  -0.07376211]
Actor Node | Step: 82100 | Output Action: [-0.6476053 -0.1947873]
Actor Node | Step: 82200 | Output Action: [0.19982435 0.78454477]
Actor Node | Step: 82300 | Output Action: [-0.6655442  -0.06419062]
Actor Node | Step: 82400 | Output Action: [-0.16533472  0.3652936 ]
Actor Node | Step: 82500 | Output Action: [1.        0.6307042]
Actor Node | Step: 82600 | Output Action: [0.8404571  0.45316154]
Actor Node | Step: 82700 | Output Action: [0.13305849 0.20752221]
Actor Node | Step: 82800 | Output Action: [-0.3039659  0.6082262]
Actor Node | Step: 82900 | Output Action: [-0.1653957   0.74810153]
Actor Node | Step: 83000 | Output Action: [ 0.44897312 -0.20930791]
Actor Node | Step: 83100 | Output Action: [-0.8171132  -0.33043826]
Actor Node | Step: 83200 | Output Action: [0.84605056 0.07156929]
Actor Node | Step: 83300 | Output Action: [ 0.7411361 -0.6944024]
Actor Node | Step: 83400 | Output Action: [-0.55372214 -0.3421575 ]
Actor Node | Step: 83500 | Output Action: [-0.72079575  0.9985242 ]
Actor Node | Step: 83600 | Output Action: [ 0.76540685 -1.        ]
Actor Node | Step: 83700 | Output Action: [0.2153831 0.5438478]
Actor Node | Step: 83800 | Output Action: [ 0.5109676  -0.33043107]
Actor Node | Step: 83900 | Output Action: [ 0.18950506 -0.7596599 ]
Actor Node | Step: 84000 | Output Action: [-0.47365606  0.5952578 ]
Actor Node | Step: 84100 | Output Action: [-0.92068183  0.88952893]
Actor Node | Step: 84200 | Output Action: [-0.15865383  0.5445958 ]
Actor Node | Step: 84300 | Output Action: [-1.         -0.33018336]
Actor Node | Step: 84400 | Output Action: [ 0.38648236 -1.        ]
Actor Node | Step: 84500 | Output Action: [ 0.58849186 -0.14530428]
Actor Node | Step: 84600 | Output Action: [0.10741697 0.44373143]
Actor Node | Step: 84700 | Output Action: [-0.7714585 -0.7829001]
Actor Node | Step: 84800 | Output Action: [0.49473614 0.17958914]
Actor Node | Step: 84900 | Output Action: [-0.6399665 -0.3761292]
Actor Node | Step: 85000 | Output Action: [-0.1852898  -0.35974342]
Actor Node | Step: 85100 | Output Action: [-0.55215895  0.9810827 ]
Actor Node | Step: 85200 | Output Action: [-0.3602506 -0.4878777]
Actor Node | Step: 85300 | Output Action: [-0.55747235  0.6718038 ]
Actor Node | Step: 85400 | Output Action: [-0.3166497   0.56119436]
Actor Node | Step: 85500 | Output Action: [ 0.7186722 -0.5950195]
Actor Node | Step: 85600 | Output Action: [-0.17697912  0.4383314 ]
Actor Node | Step: 85700 | Output Action: [-0.36725858  0.00076772]
Actor Node | Step: 85800 | Output Action: [0.4575264  0.46498793]
Actor Node | Step: 85900 | Output Action: [0.46045962 0.6974679 ]
Actor Node | Step: 86000 | Output Action: [-0.60205066 -0.56281257]
Actor Node | Step: 86100 | Output Action: [ 0.9217766  -0.04271415]
Actor Node | Step: 86200 | Output Action: [-0.59728616 -0.5758628 ]
Actor Node | Step: 86300 | Output Action: [0.18960884 0.4110949 ]
Actor Node | Step: 86400 | Output Action: [-0.12992819  0.08677931]
Actor Node | Step: 86500 | Output Action: [-0.05603546  0.5509581 ]
Actor Node | Step: 86600 | Output Action: [-0.95311123 -0.15693809]
Actor Node | Step: 86700 | Output Action: [-0.34650472  0.26262182]
Actor Node | Step: 86800 | Output Action: [-0.8963077   0.44730723]
Actor Node | Step: 86900 | Output Action: [ 0.04560697 -0.930185  ]
Actor Node | Step: 87000 | Output Action: [0.04852567 0.14678057]
Actor Node | Step: 87100 | Output Action: [-0.5384656  -0.86049336]
Actor Node | Step: 87200 | Output Action: [0.7401716  0.25536135]
Actor Node | Step: 87300 | Output Action: [-0.5529748   0.46142012]
Actor Node | Step: 87400 | Output Action: [-0.5612307  -0.20607574]
Actor Node | Step: 87500 | Output Action: [ 0.78258145 -1.        ]
Actor Node | Step: 87600 | Output Action: [0.06068599 0.08916079]
Actor Node | Step: 87700 | Output Action: [-0.19390716  0.35416275]
Actor Node | Step: 87800 | Output Action: [0.02206482 0.15712513]
Actor Node | Step: 87900 | Output Action: [ 0.48846006 -0.10786457]
Actor Node | Step: 88000 | Output Action: [0.44633    0.84434116]
Actor Node | Step: 88100 | Output Action: [-0.73433536 -0.07875018]
Actor Node | Step: 88200 | Output Action: [ 0.9152878  -0.88741094]
Actor Node | Step: 88300 | Output Action: [-0.58792245  1.        ]
Actor Node | Step: 88400 | Output Action: [0.36323503 0.39588484]
Actor Node | Step: 88500 | Output Action: [ 0.90856785 -0.7820856 ]
Actor Node | Step: 88600 | Output Action: [ 1. -1.]
Actor Node | Step: 88700 | Output Action: [-0.27078816 -0.00472412]
Actor Node | Step: 88800 | Output Action: [0.51000065 0.6152371 ]
Actor Node | Step: 88900 | Output Action: [ 0.36178872 -0.72020435]
Actor Node | Step: 89000 | Output Action: [-0.6826305   0.38759366]
Actor Node | Step: 89100 | Output Action: [-0.6870976 -0.0178576]
Actor Node | Step: 89200 | Output Action: [-0.84198034  0.43578777]
Actor Node | Step: 89300 | Output Action: [-0.93899024 -0.26785234]
Actor Node | Step: 89400 | Output Action: [-0.14701025  0.7519272 ]
Actor Node | Step: 89500 | Output Action: [ 0.24195771 -0.2945377 ]
Actor Node | Step: 89600 | Output Action: [1.         0.06637399]
Actor Node | Step: 89700 | Output Action: [-0.24758522 -0.39309052]
Actor Node | Step: 89800 | Output Action: [-0.72634286 -0.17227753]
Actor Node | Step: 89900 | Output Action: [0.01030622 0.48830968]
Actor Node | Step: 90000 | Output Action: [ 0.6759641  -0.46830973]
Actor Node | Step: 90100 | Output Action: [ 0.5926795  -0.96353763]
Actor Node | Step: 90200 | Output Action: [-0.30160755 -0.39138907]
Actor Node | Step: 90300 | Output Action: [0.20899475 0.14529814]
Actor Node | Step: 90400 | Output Action: [ 0.4077525  -0.47041988]
Actor Node | Step: 90500 | Output Action: [ 1.         -0.77207947]
Actor Node | Step: 90600 | Output Action: [ 0.28575802 -0.99490035]
Actor Node | Step: 90700 | Output Action: [-0.36167538  0.85027087]
Actor Node | Step: 90800 | Output Action: [ 0.91502815 -0.12886715]
Actor Node | Step: 90900 | Output Action: [0.31000286 0.5096938 ]
Actor Node | Step: 91000 | Output Action: [ 0.6355814 -0.7410021]
Actor Node | Step: 91100 | Output Action: [ 0.09927934 -0.7011642 ]
Actor Node | Step: 91200 | Output Action: [0.8205533  0.64304686]
Actor Node | Step: 91300 | Output Action: [-0.34600845 -0.15769666]
Actor Node | Step: 91400 | Output Action: [ 0.03097482 -0.50008035]
Actor Node | Step: 91500 | Output Action: [-0.0371343   0.44315764]
Actor Node | Step: 91600 | Output Action: [ 0.04590114 -0.26536676]
Actor Node | Step: 91700 | Output Action: [-0.46609357  0.47031292]
Actor Node | Step: 91800 | Output Action: [0.2151934  0.18105505]
Actor Node | Step: 91900 | Output Action: [-0.09500392  0.26475623]
Actor Node | Step: 92000 | Output Action: [ 0.08927044 -0.45981538]
Actor Node | Step: 92100 | Output Action: [-0.29087633 -0.9848622 ]
Actor Node | Step: 92200 | Output Action: [-0.7876674  0.3373941]
Actor Node | Step: 92300 | Output Action: [-0.9409593 -0.5674887]
Actor Node | Step: 92400 | Output Action: [ 0.13186084 -0.20561615]
Actor Node | Step: 92500 | Output Action: [ 0.50834876 -0.83060473]
Actor Node | Step: 92600 | Output Action: [-0.06438082 -0.881519  ]
Actor Node | Step: 92700 | Output Action: [-1.          0.51675254]
Actor Node | Step: 92800 | Output Action: [ 0.67705274 -0.8339928 ]
Actor Node | Step: 92900 | Output Action: [ 0.4289509 -1.       ]
Actor Node | Step: 93000 | Output Action: [-0.8382439   0.08164093]
Actor Node | Step: 93100 | Output Action: [ 0.9855834  -0.50391287]
Actor Node | Step: 93200 | Output Action: [ 0.6625853 -0.8855523]
Actor Node | Step: 93300 | Output Action: [-0.38045537  1.        ]
Actor Node | Step: 93400 | Output Action: [-0.25993    -0.94332445]
Actor Node | Step: 93500 | Output Action: [0.2516629 0.8980839]
Actor Node | Step: 93600 | Output Action: [-0.35230955  0.93032575]
Actor Node | Step: 93700 | Output Action: [0.61664706 0.0898665 ]
Actor Node | Step: 93800 | Output Action: [-0.48833352 -0.2884921 ]
Actor Node | Step: 93900 | Output Action: [0.45356533 0.9173341 ]
Actor Node | Step: 94000 | Output Action: [-0.84731543 -0.42187324]
Actor Node | Step: 94100 | Output Action: [-1.         0.6725468]
Actor Node | Step: 94200 | Output Action: [ 0.06575816 -0.63699645]
Actor Node | Step: 94300 | Output Action: [ 0.3708961  -0.41679323]
Actor Node | Step: 94400 | Output Action: [-0.12843214  0.7545962 ]
Actor Node | Step: 94500 | Output Action: [ 1.         -0.72198874]
Actor Node | Step: 94600 | Output Action: [-0.67424464  0.16812553]
Actor Node | Step: 94700 | Output Action: [0.52985626 0.83796114]
Actor Node | Step: 94800 | Output Action: [-0.7960093   0.26669002]
Actor Node | Step: 94900 | Output Action: [ 0.55143267 -0.7727907 ]
Actor Node | Step: 95000 | Output Action: [-0.47543263  0.53536266]
Actor Node | Step: 95100 | Output Action: [-0.567535    0.16028203]
Actor Node | Step: 95200 | Output Action: [-0.5471743  -0.68205434]
Actor Node | Step: 95300 | Output Action: [0.47247306 0.1590158 ]
Actor Node | Step: 95400 | Output Action: [ 1.         -0.52740777]
Actor Node | Step: 95500 | Output Action: [ 0.4847384 -1.       ]
Actor Node | Step: 95600 | Output Action: [ 0.8606119  -0.21441147]
Actor Node | Step: 95700 | Output Action: [ 0.6405242 -0.6464502]
Actor Node | Step: 95800 | Output Action: [-0.90172195 -0.16312753]
Actor Node | Step: 95900 | Output Action: [ 0.57975316 -0.788404  ]
Actor Node | Step: 96000 | Output Action: [-0.37981787  0.14271961]
Actor Node | Step: 96100 | Output Action: [-0.06191136  0.03672345]
Actor Node | Step: 96200 | Output Action: [ 1.     -0.8635]
Actor Node | Step: 96300 | Output Action: [ 0.53281236 -0.12948616]
Actor Node | Step: 96400 | Output Action: [-0.4715015  0.1134465]
Actor Node | Step: 96500 | Output Action: [ 1.         -0.71694326]
Actor Node | Step: 96600 | Output Action: [ 0.04226154 -0.22105251]
Actor Node | Step: 96700 | Output Action: [ 0.5259954  -0.63377446]
Actor Node | Step: 96800 | Output Action: [-0.21564819 -0.24690928]
Actor Node | Step: 96900 | Output Action: [-0.11378369  0.23327346]
Actor Node | Step: 97000 | Output Action: [-0.70371294  0.15099521]
Actor Node | Step: 97100 | Output Action: [-0.85898954  0.13158512]
Actor Node | Step: 97200 | Output Action: [-0.38207316  0.23952447]
Actor Node | Step: 97300 | Output Action: [0.79668415 0.5698159 ]
Actor Node | Step: 97400 | Output Action: [-0.8356202   0.42351422]
Actor Node | Step: 97500 | Output Action: [-0.69826335  0.18411444]
Actor Node | Step: 97600 | Output Action: [-0.25431108 -0.08330201]
Actor Node | Step: 97700 | Output Action: [ 0.67459744 -0.8263232 ]
Actor Node | Step: 97800 | Output Action: [-0.38262188 -0.3769003 ]
Actor Node | Step: 97900 | Output Action: [ 1. -1.]
Actor Node | Step: 98000 | Output Action: [-1.          0.17950536]
Actor Node | Step: 98100 | Output Action: [-0.07611874  0.44052213]
Actor Node | Step: 98200 | Output Action: [ 0.35802105 -0.01126943]
Actor Node | Step: 98300 | Output Action: [ 0.04589295 -0.9951269 ]
Actor Node | Step: 98400 | Output Action: [ 0.92402047 -0.9011659 ]
Actor Node | Step: 98500 | Output Action: [-0.46482685  0.34528995]
Actor Node | Step: 98600 | Output Action: [ 0.02219759 -0.24352637]
Actor Node | Step: 98700 | Output Action: [ 0.58100945 -1.        ]
Actor Node | Step: 98800 | Output Action: [ 0.4000243  -0.29576245]
Actor Node | Step: 98900 | Output Action: [ 0.02363667 -0.5969074 ]
Actor Node | Step: 99000 | Output Action: [ 0.7550049  -0.92776257]
Actor Node | Step: 99100 | Output Action: [-0.06871431  0.5952772 ]
Actor Node | Step: 99200 | Output Action: [ 0.29955485 -0.95828044]
Actor Node | Step: 99300 | Output Action: [ 0.3661221 -0.9101627]
Actor Node | Step: 99400 | Output Action: [ 0.7215625 -0.5057101]
Actor Node | Step: 99500 | Output Action: [-0.327886   -0.12362286]
Actor Node | Step: 99600 | Output Action: [-0.09812219 -0.36261526]
Actor Node | Step: 99700 | Output Action: [-0.06996599 -0.25487086]
Actor Node | Step: 99800 | Output Action: [ 0.07803843 -0.10697463]
Actor Node | Step: 99900 | Output Action: [-0.02142617 -0.8678462 ]
Actor Node | Step: 100000 | Output Action: [-0.39180553  0.4730023 ]
Actor Node | Step: 100100 | Output Action: [ 0.87817556 -1.        ]
Actor Node | Step: 100200 | Output Action: [ 0.5851552 -1.       ]
Actor Node | Step: 100300 | Output Action: [-0.6215294  0.1557524]
Actor Node | Step: 100400 | Output Action: [-0.70997536  0.01254448]
Actor Node | Step: 100500 | Output Action: [0.55849576 0.05006336]
Actor Node | Step: 100600 | Output Action: [-0.04410867 -0.9203234 ]
Actor Node | Step: 100700 | Output Action: [-0.08176176  0.19906043]
Actor Node | Step: 100800 | Output Action: [ 1.        -0.8855282]
Actor Node | Step: 100900 | Output Action: [-0.45215014 -0.29473191]
Actor Node | Step: 101000 | Output Action: [-0.49255478  0.3363311 ]
Actor Node | Step: 101100 | Output Action: [0.48019528 0.56454587]
Actor Node | Step: 101200 | Output Action: [-0.39742577 -0.2763618 ]
Actor Node | Step: 101300 | Output Action: [ 0.5950339 -1.       ]
Actor Node | Step: 101400 | Output Action: [ 0.32346678 -0.02531069]
Actor Node | Step: 101500 | Output Action: [ 0.72405374 -0.7183569 ]
Actor Node | Step: 101600 | Output Action: [-1.         -0.39137176]
Actor Node | Step: 101700 | Output Action: [-0.40726626 -0.6020962 ]
Actor Node | Step: 101800 | Output Action: [-0.12270188 -0.9078513 ]
Actor Node | Step: 101900 | Output Action: [ 0.14375693 -1.        ]
Actor Node | Step: 102000 | Output Action: [ 0.17025952 -0.7978604 ]
Actor Node | Step: 102100 | Output Action: [ 0.8211306 -1.       ]
Actor Node | Step: 102200 | Output Action: [-0.29016447  0.8328498 ]
Actor Node | Step: 102300 | Output Action: [ 0.8865767 -0.836711 ]
Actor Node | Step: 102400 | Output Action: [0.33413956 0.13808493]
Actor Node | Step: 102500 | Output Action: [ 0.5846133  -0.49108002]
Actor Node | Step: 102600 | Output Action: [ 1.       -0.819711]
Actor Node | Step: 102700 | Output Action: [0.503979   0.02736663]
Actor Node | Step: 102800 | Output Action: [-0.4506481   0.55765694]
Actor Node | Step: 102900 | Output Action: [ 1.         -0.34605625]
Actor Node | Step: 103000 | Output Action: [-0.37419942 -0.33518323]
Actor Node | Step: 103100 | Output Action: [ 0.10064574 -0.2592654 ]
Actor Node | Step: 103200 | Output Action: [ 0.5071113  -0.75283223]
Actor Node | Step: 103300 | Output Action: [ 0.86554605 -0.36261442]
Actor Node | Step: 103400 | Output Action: [-1.         -0.08314827]
Actor Node | Step: 103500 | Output Action: [ 0.57651716 -0.4132646 ]
Actor Node | Step: 103600 | Output Action: [0.39214036 0.36586457]
Actor Node | Step: 103700 | Output Action: [ 0.8099658 -0.9998192]
Actor Node | Step: 103800 | Output Action: [ 0.2720662 -0.7954028]
Actor Node | Step: 103900 | Output Action: [-0.34344232  0.90098244]
Actor Node | Step: 104000 | Output Action: [0.13674386 0.84659517]
Actor Node | Step: 104100 | Output Action: [0.40447378 0.13157596]
Actor Node | Step: 104200 | Output Action: [-0.19768246  0.47896072]
Actor Node | Step: 104300 | Output Action: [-0.88069415 -0.03107645]
Actor Node | Step: 104400 | Output Action: [0.36836934 0.5972637 ]
Actor Node | Step: 104500 | Output Action: [0.18856853 0.16475417]
Actor Node | Step: 104600 | Output Action: [-0.3857827   0.35610938]
Actor Node | Step: 104700 | Output Action: [0.2439062 0.0936853]
Actor Node | Step: 104800 | Output Action: [ 0.4729344 -1.       ]
Actor Node | Step: 104900 | Output Action: [-0.34720752 -0.39226234]
Actor Node | Step: 105000 | Output Action: [-0.61768305  0.4339454 ]
Actor Node | Step: 105100 | Output Action: [ 1. -1.]
Actor Node | Step: 105200 | Output Action: [ 0.18733884 -1.        ]
Actor Node | Step: 105300 | Output Action: [ 0.30751848 -0.8971296 ]
Actor Node | Step: 105400 | Output Action: [-0.44684723 -0.44069135]
Actor Node | Step: 105500 | Output Action: [0.3390889 0.8297915]
Actor Node | Step: 105600 | Output Action: [ 0.54977286 -0.19882542]
Actor Node | Step: 105700 | Output Action: [ 0.42429098 -0.8093023 ]
Actor Node | Step: 105800 | Output Action: [-0.13914576 -0.3294457 ]
Actor Node | Step: 105900 | Output Action: [ 0.43368053 -0.96351826]
Actor Node | Step: 106000 | Output Action: [-0.8358471  -0.33981246]
Actor Node | Step: 106100 | Output Action: [1.         0.48583737]
Actor Node | Step: 106200 | Output Action: [-0.59240913 -0.1835014 ]
Actor Node | Step: 106300 | Output Action: [-0.019935   -0.31937516]
Actor Node | Step: 106400 | Output Action: [-0.12324346  0.3932611 ]
Actor Node | Step: 106500 | Output Action: [-0.1443273  -0.31995815]
Actor Node | Step: 106600 | Output Action: [-0.01237236 -1.        ]
Actor Node | Step: 106700 | Output Action: [ 0.15735649 -0.49786285]
Actor Node | Step: 106800 | Output Action: [0.57243556 0.60456973]
Actor Node | Step: 106900 | Output Action: [1.        0.5572342]
Actor Node | Step: 107000 | Output Action: [ 0.7280835  -0.70357376]
Actor Node | Step: 107100 | Output Action: [0.16478744 0.71644706]
Actor Node | Step: 107200 | Output Action: [ 0.7595408 -1.       ]
Actor Node | Step: 107300 | Output Action: [ 0.37581316 -1.        ]
Actor Node | Step: 107400 | Output Action: [0.422732   0.41276577]
Actor Node | Step: 107500 | Output Action: [ 0.41742054 -0.74896926]
Actor Node | Step: 107600 | Output Action: [ 1.        -0.7555698]
Actor Node | Step: 107700 | Output Action: [-0.3927565  -0.71258193]
Actor Node | Step: 107800 | Output Action: [-0.04118758 -0.21284547]
Actor Node | Step: 107900 | Output Action: [-0.8631832  -0.14494438]
Actor Node | Step: 108000 | Output Action: [ 0.29634053 -0.22955883]
Actor Node | Step: 108100 | Output Action: [-0.18916166 -1.        ]
Actor Node | Step: 108200 | Output Action: [ 0.72097504 -0.3278265 ]
Actor Node | Step: 108300 | Output Action: [ 0.6286662 -0.8469602]
Actor Node | Step: 108400 | Output Action: [ 0.59643394 -0.9511269 ]
Actor Node | Step: 108500 | Output Action: [ 0.7892692 -1.       ]
Actor Node | Step: 108600 | Output Action: [ 0.24278693 -0.8667332 ]
Actor Node | Step: 108700 | Output Action: [ 0.38039765 -1.        ]
Actor Node | Step: 108800 | Output Action: [ 0.8902733 -1.       ]
Actor Node | Step: 108900 | Output Action: [ 0.24731798 -0.9874789 ]
Actor Node | Step: 109000 | Output Action: [-0.9637953   0.72652584]
Actor Node | Step: 109100 | Output Action: [0.9953196  0.23838258]
Actor Node | Step: 109200 | Output Action: [-0.74772334 -0.61268824]
Actor Node | Step: 109300 | Output Action: [-0.21632326  0.5311024 ]
Actor Node | Step: 109400 | Output Action: [-0.42571846 -0.96306384]
Actor Node | Step: 109500 | Output Action: [0.35212225 0.725636  ]
Actor Node | Step: 109600 | Output Action: [-0.02084616 -0.46051928]
Actor Node | Step: 109700 | Output Action: [ 1.        -0.6821211]
Actor Node | Step: 109800 | Output Action: [-0.18493344 -0.83945316]
Actor Node | Step: 109900 | Output Action: [-0.6789153  -0.05201874]
Actor Node | Step: 110000 | Output Action: [0.43553132 0.5960615 ]
Actor Node | Step: 110100 | Output Action: [ 0.1350945  -0.02151638]
Actor Node | Step: 110200 | Output Action: [ 0.9626307 -1.       ]
Actor Node | Step: 110300 | Output Action: [ 0.52554965 -1.        ]
Actor Node | Step: 110400 | Output Action: [-0.40427417  0.02657958]
Actor Node | Step: 110500 | Output Action: [-0.5792684  -0.27838036]
Actor Node | Step: 110600 | Output Action: [-0.6482463   0.04973935]
Actor Node | Step: 110700 | Output Action: [-0.21051876  0.07975259]
Actor Node | Step: 110800 | Output Action: [0.11486   0.8274115]
Actor Node | Step: 110900 | Output Action: [ 0.71596044 -0.94006896]
Actor Node | Step: 111000 | Output Action: [-0.37999505  0.48089632]
Actor Node | Step: 111100 | Output Action: [-0.68288356 -0.34940025]
Actor Node | Step: 111200 | Output Action: [-0.86562157  0.5519016 ]
Actor Node | Step: 111300 | Output Action: [-0.19147047  0.5126965 ]
Actor Node | Step: 111400 | Output Action: [-0.7342889  -0.90117353]
Actor Node | Step: 111500 | Output Action: [-0.3057871  -0.13221939]
Actor Node | Step: 111600 | Output Action: [-0.81597793 -0.7834276 ]
Actor Node | Step: 111700 | Output Action: [ 0.6868582 -1.       ]
Actor Node | Step: 111800 | Output Action: [ 0.85025644 -0.7882151 ]
Actor Node | Step: 111900 | Output Action: [ 0.04033777 -1.        ]
Actor Node | Step: 112000 | Output Action: [ 0.33999777 -0.6285723 ]
Actor Node | Step: 112100 | Output Action: [-0.5937056   0.34810862]
Actor Node | Step: 112200 | Output Action: [-1.        -0.1740155]
Actor Node | Step: 112300 | Output Action: [ 0.54226464 -0.98779523]
Actor Node | Step: 112400 | Output Action: [0.11880892 0.5966493 ]
Actor Node | Step: 112500 | Output Action: [ 0.65414745 -0.8195666 ]
Actor Node | Step: 112600 | Output Action: [ 1.        -0.8133272]
Actor Node | Step: 112700 | Output Action: [0.28557873 0.19744399]
Actor Node | Step: 112800 | Output Action: [ 0.740341  -0.9368292]
Actor Node | Step: 112900 | Output Action: [ 0.4831936  -0.56267637]
Actor Node | Step: 113000 | Output Action: [ 0.9173182 -1.       ]
Actor Node | Step: 113100 | Output Action: [ 0.68008333 -1.        ]
Actor Node | Step: 113200 | Output Action: [ 0.36747906 -1.        ]
Actor Node | Step: 113300 | Output Action: [ 0.99554855 -0.97286236]
Actor Node | Step: 113400 | Output Action: [-0.649838   -0.77582115]
Actor Node | Step: 113500 | Output Action: [-0.6761045  -0.18636242]
Actor Node | Step: 113600 | Output Action: [-1.        -0.2783624]
Actor Node | Step: 113700 | Output Action: [ 0.9614314 -1.       ]
Actor Node | Step: 113800 | Output Action: [-0.5258455  0.6649182]
Actor Node | Step: 113900 | Output Action: [-0.30535355  0.06547899]
Actor Node | Step: 114000 | Output Action: [-0.18328008 -0.24565586]
Actor Node | Step: 114100 | Output Action: [ 0.81759423 -0.5755944 ]
Actor Node | Step: 114200 | Output Action: [-0.6909118   0.19774508]
Actor Node | Step: 114300 | Output Action: [ 0.7697348  -0.96785563]
Actor Node | Step: 114400 | Output Action: [0.12261213 0.54085   ]
Actor Node | Step: 114500 | Output Action: [-0.10812777 -0.76980674]
Actor Node | Step: 114600 | Output Action: [ 0.48094353 -0.55362767]
Actor Node | Step: 114700 | Output Action: [ 0.39598268 -0.3053955 ]
Actor Node | Step: 114800 | Output Action: [ 0.5192138 -1.       ]
Actor Node | Step: 114900 | Output Action: [-0.5873614  -0.31709418]
Actor Node | Step: 115000 | Output Action: [ 0.23726095 -0.7943354 ]
Actor Node | Step: 115100 | Output Action: [-0.6331704  0.9936607]
Actor Node | Step: 115200 | Output Action: [ 0.07561934 -0.23609385]
Actor Node | Step: 115300 | Output Action: [ 0.8233024  -0.95462936]
Actor Node | Step: 115400 | Output Action: [-0.44265035 -1.        ]
Actor Node | Step: 115500 | Output Action: [-0.45963776  0.8769794 ]
Actor Node | Step: 115600 | Output Action: [ 0.6803904 -0.7724486]
Actor Node | Step: 115700 | Output Action: [ 0.903503  -0.8722835]
Actor Node | Step: 115800 | Output Action: [ 0.01711058 -0.23729521]
Actor Node | Step: 115900 | Output Action: [ 0.40706864 -1.        ]
Actor Node | Step: 116000 | Output Action: [ 0.85340804 -1.        ]
Actor Node | Step: 116100 | Output Action: [-0.31057835  0.53839695]
Actor Node | Step: 116200 | Output Action: [ 1.        -0.8429204]
Actor Node | Step: 116300 | Output Action: [-0.5244483 -0.2879566]
Actor Node | Step: 116400 | Output Action: [ 0.71986604 -0.8473334 ]
Actor Node | Step: 116500 | Output Action: [ 0.5345613 -1.       ]
Actor Node | Step: 116600 | Output Action: [-0.30870938 -0.40962777]
Actor Node | Step: 116700 | Output Action: [-0.69416285 -0.16923714]
Actor Node | Step: 116800 | Output Action: [ 0.6009851  -0.94197965]
Actor Node | Step: 116900 | Output Action: [-1.        -0.2092602]
Actor Node | Step: 117000 | Output Action: [-0.28797483  0.7509008 ]
Actor Node | Step: 117100 | Output Action: [ 0.6731057 -0.4475943]
Actor Node | Step: 117200 | Output Action: [-0.85983884 -0.29746383]
Actor Node | Step: 117300 | Output Action: [ 1. -1.]
Actor Node | Step: 117400 | Output Action: [-1.         -0.62747926]
Actor Node | Step: 117500 | Output Action: [ 0.8036906 -1.       ]
Actor Node | Step: 117600 | Output Action: [ 0.6136204  -0.68069005]
Actor Node | Step: 117700 | Output Action: [-0.04338115 -0.880765  ]
Actor Node | Step: 117800 | Output Action: [-0.37676325 -0.56896436]
Actor Node | Step: 117900 | Output Action: [ 1.        -0.9372765]
Actor Node | Step: 118000 | Output Action: [ 0.8043975 -0.7121218]
Actor Node | Step: 118100 | Output Action: [ 0.29897577 -0.16621917]
Actor Node | Step: 118200 | Output Action: [ 0.86285686 -0.80580324]
Actor Node | Step: 118300 | Output Action: [0.01583721 0.6218135 ]
Actor Node | Step: 118400 | Output Action: [ 0.14494643 -1.        ]
Actor Node | Step: 118500 | Output Action: [-0.42676887  0.51349217]
Actor Node | Step: 118600 | Output Action: [ 0.8349132 -1.       ]
Actor Node | Step: 118700 | Output Action: [ 0.79691696 -0.9720526 ]
Actor Node | Step: 118800 | Output Action: [ 0.14555998 -0.05221078]
Actor Node | Step: 118900 | Output Action: [ 1. -1.]
Actor Node | Step: 119000 | Output Action: [0.09576084 0.17182282]
Actor Node | Step: 119100 | Output Action: [ 0.1891837  -0.60768753]
Actor Node | Step: 119200 | Output Action: [ 1. -1.]
Actor Node | Step: 119300 | Output Action: [0.58304685 0.43178955]
Actor Node | Step: 119400 | Output Action: [-0.16469412 -0.9338494 ]
Actor Node | Step: 119500 | Output Action: [ 0.8017503 -0.9426876]
Actor Node | Step: 119600 | Output Action: [ 1. -1.]
Actor Node | Step: 119700 | Output Action: [ 1. -1.]
Actor Node | Step: 119800 | Output Action: [-0.5025317   0.30006722]
Actor Node | Step: 119900 | Output Action: [ 0.05890733 -1.        ]
Actor Node | Step: 120000 | Output Action: [ 0.6512084 -1.       ]
Actor Node | Step: 120100 | Output Action: [ 0.37296024 -0.7292355 ]
Actor Node | Step: 120200 | Output Action: [ 1. -1.]
Actor Node | Step: 120300 | Output Action: [ 1.         -0.72335863]
Actor Node | Step: 120400 | Output Action: [ 0.9492198 -1.       ]
Actor Node | Step: 120500 | Output Action: [-0.47146577 -0.1061136 ]
Actor Node | Step: 120600 | Output Action: [ 1. -1.]
Actor Node | Step: 120700 | Output Action: [ 0.74758035 -1.        ]
Actor Node | Step: 120800 | Output Action: [-0.3820078   0.34548804]
Actor Node | Step: 120900 | Output Action: [0.45304847 0.33090717]
Actor Node | Step: 121000 | Output Action: [ 0.83436817 -1.        ]
Actor Node | Step: 121100 | Output Action: [ 0.9914883 -1.       ]
Actor Node | Step: 121200 | Output Action: [ 0.54046947 -1.        ]
Actor Node | Step: 121300 | Output Action: [-0.42576975  0.46570355]
Actor Node | Step: 121400 | Output Action: [ 0.11196994 -0.39793274]
Actor Node | Step: 121500 | Output Action: [ 0.99786925 -0.9556967 ]
Actor Node | Step: 121600 | Output Action: [0.27627245 0.3149745 ]
Actor Node | Step: 121700 | Output Action: [ 0.27843466 -1.        ]
Actor Node | Step: 121800 | Output Action: [ 1.         -0.86460274]
Actor Node | Step: 121900 | Output Action: [0.52156234 0.57469666]
Actor Node | Step: 122000 | Output Action: [ 0.5534617 -0.9442149]
Actor Node | Step: 122100 | Output Action: [ 1.        -0.8689244]
Actor Node | Step: 122200 | Output Action: [ 1. -1.]
Actor Node | Step: 122300 | Output Action: [ 1.        -0.9717999]
Actor Node | Step: 122400 | Output Action: [ 0.8700909 -1.       ]
Actor Node | Step: 122500 | Output Action: [-0.4497759  -0.62150955]
Actor Node | Step: 122600 | Output Action: [-0.08179443 -0.91643727]
Actor Node | Step: 122700 | Output Action: [ 0.5938746 -1.       ]
Actor Node | Step: 122800 | Output Action: [ 0.9015247 -0.9018453]
Actor Node | Step: 122900 | Output Action: [ 0.948382  -0.8936024]
Actor Node | Step: 123000 | Output Action: [ 0.5119299  -0.20464432]
Actor Node | Step: 123100 | Output Action: [-0.5156436 -1.       ]
Actor Node | Step: 123200 | Output Action: [ 1. -1.]
Actor Node | Step: 123300 | Output Action: [-0.39488575 -0.03656152]
Actor Node | Step: 123400 | Output Action: [ 1. -1.]
Actor Node | Step: 123500 | Output Action: [ 0.01601145 -0.6568978 ]
Actor Node | Step: 123600 | Output Action: [ 0.22111462 -1.        ]
Actor Node | Step: 123700 | Output Action: [ 0.1890157  -0.47128966]
Actor Node | Step: 123800 | Output Action: [ 0.8023756 -1.       ]
Actor Node | Step: 123900 | Output Action: [-0.10240253 -0.447499  ]
Actor Node | Step: 124000 | Output Action: [ 0.6871266 -0.5922198]
Actor Node | Step: 124100 | Output Action: [ 0.7918724 -1.       ]
Actor Node | Step: 124200 | Output Action: [-0.6417287  -0.65267235]
Actor Node | Step: 124300 | Output Action: [-0.1886055 -0.8777728]
Actor Node | Step: 124400 | Output Action: [ 1.        -0.7979569]
Actor Node | Step: 124500 | Output Action: [ 0.31367093 -1.        ]
Actor Node | Step: 124600 | Output Action: [ 0.95996284 -1.        ]
Actor Node | Step: 124700 | Output Action: [ 0.6689021  -0.80384946]
Actor Node | Step: 124800 | Output Action: [ 0.7656318 -1.       ]
Actor Node | Step: 124900 | Output Action: [-0.86881113  0.6235746 ]
Actor Node | Step: 125000 | Output Action: [ 0.7202139 -0.935816 ]
Actor Node | Step: 125100 | Output Action: [ 0.98841345 -0.9673158 ]
Actor Node | Step: 125200 | Output Action: [-0.9338061   0.71945316]
Actor Node | Step: 125300 | Output Action: [ 0.9215533  -0.76509356]
Actor Node | Step: 125400 | Output Action: [ 0.599767 -1.      ]
Actor Node | Step: 125500 | Output Action: [-1.        -0.7907667]
Actor Node | Step: 125600 | Output Action: [ 0.8219269 -1.       ]
Actor Node | Step: 125700 | Output Action: [ 1. -1.]
Actor Node | Step: 125800 | Output Action: [ 0.88754845 -0.5126021 ]
Actor Node | Step: 125900 | Output Action: [ 1. -1.]
Actor Node | Step: 126000 | Output Action: [-0.9561854  0.8511029]
Actor Node | Step: 126100 | Output Action: [0.32437766 0.02773299]
Actor Node | Step: 126200 | Output Action: [ 1.         -0.82408404]
Actor Node | Step: 126300 | Output Action: [ 1.         -0.02801156]
Actor Node | Step: 126400 | Output Action: [-0.30269367 -0.46578434]
Actor Node | Step: 126500 | Output Action: [ 0.32391962 -0.8984551 ]
Actor Node | Step: 126600 | Output Action: [ 0.5711867 -1.       ]
Actor Node | Step: 126700 | Output Action: [ 0.3790947 -1.       ]
Actor Node | Step: 126800 | Output Action: [-0.06412341  0.38550997]
Actor Node | Step: 126900 | Output Action: [ 1.         -0.84199566]
Actor Node | Step: 127000 | Output Action: [ 0.10623517 -1.        ]
Actor Node | Step: 127100 | Output Action: [ 0.18042815 -0.8227016 ]
Actor Node | Step: 127200 | Output Action: [ 0.46148646 -0.7489115 ]
Actor Node | Step: 127300 | Output Action: [ 1.        -0.8389278]
Actor Node | Step: 127400 | Output Action: [ 1. -1.]
Actor Node | Step: 127500 | Output Action: [-0.57817626 -0.02730944]
Actor Node | Step: 127600 | Output Action: [-0.17603013 -1.        ]
Actor Node | Step: 127700 | Output Action: [-0.33898795 -0.6084321 ]
Actor Node | Step: 127800 | Output Action: [-0.22302443  0.08316043]
Actor Node | Step: 127900 | Output Action: [ 0.8344357  -0.95283455]
Actor Node | Step: 128000 | Output Action: [0.572237   0.45740637]
Actor Node | Step: 128100 | Output Action: [ 0.69363505 -0.8530796 ]
Actor Node | Step: 128200 | Output Action: [ 0.67216253 -0.9665359 ]
Actor Node | Step: 128300 | Output Action: [0.25278324 0.3870283 ]
Actor Node | Step: 128400 | Output Action: [ 0.42186898 -0.81972754]
Actor Node | Step: 128500 | Output Action: [ 0.4580735  -0.94978833]
Actor Node | Step: 128600 | Output Action: [ 0.9862117 -1.       ]
Actor Node | Step: 128700 | Output Action: [ 0.20964794 -0.5880448 ]
Actor Node | Step: 128800 | Output Action: [ 0.77806187 -1.        ]
Actor Node | Step: 128900 | Output Action: [-0.8605239  1.       ]
Actor Node | Step: 129000 | Output Action: [ 0.31058842 -0.8725188 ]
Actor Node | Step: 129100 | Output Action: [ 1.        -0.8910376]
Actor Node | Step: 129200 | Output Action: [-0.27767402 -1.        ]
Actor Node | Step: 129300 | Output Action: [-0.21358608  0.29285   ]
Actor Node | Step: 129400 | Output Action: [ 1.        -0.9477832]
Actor Node | Step: 129500 | Output Action: [-0.24179633 -0.89861566]
Actor Node | Step: 129600 | Output Action: [-0.65580416 -0.99920374]
Actor Node | Step: 129700 | Output Action: [ 0.7324396 -1.       ]
Actor Node | Step: 129800 | Output Action: [ 0.8970757 -1.       ]
Actor Node | Step: 129900 | Output Action: [ 0.9032409  -0.75787765]
Actor Node | Step: 130000 | Output Action: [-0.18882924 -0.8614747 ]
Actor Node | Step: 130100 | Output Action: [ 1. -1.]
Actor Node | Step: 130200 | Output Action: [ 0.3367453 -0.6150302]
Actor Node | Step: 130300 | Output Action: [ 0.05447276 -0.03083785]
Actor Node | Step: 130400 | Output Action: [-0.36894026 -0.8810291 ]
Actor Node | Step: 130500 | Output Action: [-0.8115308 -0.4496565]
Actor Node | Step: 130600 | Output Action: [-0.1846426   0.17656887]
Actor Node | Step: 130700 | Output Action: [ 1.         -0.83669144]
Actor Node | Step: 130800 | Output Action: [ 0.52954036 -0.9914387 ]
Actor Node | Step: 130900 | Output Action: [ 0.49729526 -0.5124695 ]
Actor Node | Step: 131000 | Output Action: [-0.31488237  0.03736454]
Actor Node | Step: 131100 | Output Action: [-0.06020423 -0.3342446 ]
Actor Node | Step: 131200 | Output Action: [-0.40970594  0.21594758]
Actor Node | Step: 131300 | Output Action: [ 0.0734059 -0.7362992]
Actor Node | Step: 131400 | Output Action: [ 1. -1.]
Actor Node | Step: 131500 | Output Action: [ 1.         -0.78060615]
Actor Node | Step: 131600 | Output Action: [ 0.8767167 -0.435036 ]
Actor Node | Step: 131700 | Output Action: [-0.0693819  -0.61567974]
Actor Node | Step: 131800 | Output Action: [ 0.7044334  -0.82291317]
Actor Node | Step: 131900 | Output Action: [0.10794099 0.21793614]
Actor Node | Step: 132000 | Output Action: [-0.65809435 -0.5771548 ]
Actor Node | Step: 132100 | Output Action: [ 0.8816847  -0.71545583]
Actor Node | Step: 132200 | Output Action: [-0.927681   -0.63759756]
Actor Node | Step: 132300 | Output Action: [ 0.22422208 -0.14862768]
Actor Node | Step: 132400 | Output Action: [-1.        -0.5552696]
Actor Node | Step: 132500 | Output Action: [ 0.8725829 -1.       ]
Actor Node | Step: 132600 | Output Action: [ 0.67101604 -0.8613127 ]
Actor Node | Step: 132700 | Output Action: [0.06017653 0.03596657]
Actor Node | Step: 132800 | Output Action: [-1.         -0.61172324]
Actor Node | Step: 132900 | Output Action: [-0.75154513 -0.7348033 ]
Actor Node | Step: 133000 | Output Action: [ 1.         -0.49638793]
Actor Node | Step: 133100 | Output Action: [ 1.        -0.7171323]
Actor Node | Step: 133200 | Output Action: [-0.07197338 -0.34442922]
Actor Node | Step: 133300 | Output Action: [ 1. -1.]
Actor Node | Step: 133400 | Output Action: [ 0.9085188 -0.8177642]
Actor Node | Step: 133500 | Output Action: [-0.12527591 -0.74768686]
Actor Node | Step: 133600 | Output Action: [ 0.5855992 -1.       ]
Actor Node | Step: 133700 | Output Action: [ 0.35210484 -0.74688625]
Actor Node | Step: 133800 | Output Action: [0.21626171 0.29438192]
Actor Node | Step: 133900 | Output Action: [ 0.73787796 -0.8664001 ]
Actor Node | Step: 134000 | Output Action: [ 0.45503977 -1.        ]
Actor Node | Step: 134100 | Output Action: [-0.3888504 -0.6022316]
Actor Node | Step: 134200 | Output Action: [ 1. -1.]
Actor Node | Step: 134300 | Output Action: [ 1.        -0.6410233]
Actor Node | Step: 134400 | Output Action: [-0.29856935 -0.81357265]
Actor Node | Step: 134500 | Output Action: [ 1.        -0.9856533]
Actor Node | Step: 134600 | Output Action: [ 0.5929357 -0.9988778]
Actor Node | Step: 134700 | Output Action: [ 0.6303348 -1.       ]
Actor Node | Step: 134800 | Output Action: [ 0.30440685 -1.        ]
Actor Node | Step: 134900 | Output Action: [ 0.710774   -0.98114043]
Actor Node | Step: 135000 | Output Action: [ 0.4969644 -0.9570955]
Actor Node | Step: 135100 | Output Action: [ 1.         -0.17327298]
Actor Node | Step: 135200 | Output Action: [ 0.70446813 -1.        ]
Actor Node | Step: 135300 | Output Action: [-0.14933416 -0.0083955 ]
Actor Node | Step: 135400 | Output Action: [-0.48541278 -0.08953727]
Actor Node | Step: 135500 | Output Action: [-0.01344948 -0.44158995]
Actor Node | Step: 135600 | Output Action: [-0.22869961 -0.6132361 ]
Actor Node | Step: 135700 | Output Action: [ 0.27083507 -0.7553583 ]
Actor Node | Step: 135800 | Output Action: [-0.58988565 -0.94726264]
Actor Node | Step: 135900 | Output Action: [-0.24605863  0.201453  ]
Actor Node | Step: 136000 | Output Action: [ 1. -1.]
Actor Node | Step: 136100 | Output Action: [ 0.6591572 -0.8375675]
Actor Node | Step: 136200 | Output Action: [ 0.73239547 -0.9218049 ]
Actor Node | Step: 136300 | Output Action: [ 0.23645215 -0.728489  ]
Actor Node | Step: 136400 | Output Action: [ 0.35095227 -0.32478067]
Actor Node | Step: 136500 | Output Action: [-0.28265095 -0.519921  ]
Actor Node | Step: 136600 | Output Action: [ 1. -1.]
Actor Node | Step: 136700 | Output Action: [-0.36453873 -0.7175415 ]
Actor Node | Step: 136800 | Output Action: [ 1. -1.]
Actor Node | Step: 136900 | Output Action: [ 1. -1.]
Actor Node | Step: 137000 | Output Action: [ 1.        -0.9873418]
Actor Node | Step: 137100 | Output Action: [ 0.87514055 -1.        ]
Actor Node | Step: 137200 | Output Action: [ 1.        -0.9289824]
Actor Node | Step: 137300 | Output Action: [ 0.9217388 -0.9867705]
Actor Node | Step: 137400 | Output Action: [ 0.6342964 -1.       ]
Actor Node | Step: 137500 | Output Action: [-0.8452376   0.61848164]
Actor Node | Step: 137600 | Output Action: [-0.375154    0.44456995]
Actor Node | Step: 137700 | Output Action: [-0.07676544 -0.52621186]
Actor Node | Step: 137800 | Output Action: [ 0.2474184 -1.       ]
Actor Node | Step: 137900 | Output Action: [ 0.9908    -0.8698523]
Actor Node | Step: 138000 | Output Action: [-0.6253032  -0.55198807]
Actor Node | Step: 138100 | Output Action: [0.21293718 0.04231424]
Actor Node | Step: 138200 | Output Action: [ 0.61399317 -1.        ]
Actor Node | Step: 138300 | Output Action: [ 0.8116904 -1.       ]
Actor Node | Step: 138400 | Output Action: [ 0.4067074 -0.8495336]
Actor Node | Step: 138500 | Output Action: [ 0.9450033  -0.81810063]
Actor Node | Step: 138600 | Output Action: [ 0.5997433 -0.8398281]
Actor Node | Step: 138700 | Output Action: [ 1.         -0.76784366]
Actor Node | Step: 138800 | Output Action: [ 0.87290174 -1.        ]
Actor Node | Step: 138900 | Output Action: [-0.29133433 -0.41450104]
Actor Node | Step: 139000 | Output Action: [ 0.8665465 -1.       ]
Actor Node | Step: 139100 | Output Action: [ 0.38902768 -0.5055741 ]
Actor Node | Step: 139200 | Output Action: [0.632005 1.      ]
Actor Node | Step: 139300 | Output Action: [ 0.4965752  -0.02409374]
Actor Node | Step: 139400 | Output Action: [ 0.96643174 -1.        ]
Actor Node | Step: 139500 | Output Action: [-0.6498825   0.13502873]
Actor Node | Step: 139600 | Output Action: [-0.6125911 -1.       ]
Actor Node | Step: 139700 | Output Action: [ 0.5236625 -1.       ]
Actor Node | Step: 139800 | Output Action: [-0.7030427  0.0245232]
Actor Node | Step: 139900 | Output Action: [-0.97520524  0.6110297 ]
Actor Node | Step: 140000 | Output Action: [-1.         -0.82939345]
Actor Node | Step: 140100 | Output Action: [ 0.86304826 -1.        ]
Actor Node | Step: 140200 | Output Action: [ 0.8224439  -0.81635255]
Actor Node | Step: 140300 | Output Action: [ 0.26417568 -1.        ]
Actor Node | Step: 140400 | Output Action: [-0.6614123 -0.3582073]
Actor Node | Step: 140500 | Output Action: [-0.02204416 -0.67485416]
Actor Node | Step: 140600 | Output Action: [-0.7966825  -0.07441393]
Actor Node | Step: 140700 | Output Action: [-0.30072647 -0.23378186]
Actor Node | Step: 140800 | Output Action: [ 0.5660143 -1.       ]
Actor Node | Step: 140900 | Output Action: [ 0.4420457 -0.8479063]
Actor Node | Step: 141000 | Output Action: [ 0.6866038 -1.       ]
Actor Node | Step: 141100 | Output Action: [ 0.9760357 -0.9391548]
Actor Node | Step: 141200 | Output Action: [ 1. -1.]
Actor Node | Step: 141300 | Output Action: [ 0.8853817 -1.       ]
Actor Node | Step: 141400 | Output Action: [ 0.9652852 -1.       ]
Actor Node | Step: 141500 | Output Action: [ 0.91708535 -1.        ]
Actor Node | Step: 141600 | Output Action: [-0.43149114  0.06237752]
Actor Node | Step: 141700 | Output Action: [-0.609725    0.10603019]
Actor Node | Step: 141800 | Output Action: [ 0.69262445 -1.        ]
Actor Node | Step: 141900 | Output Action: [-0.52146834 -0.42531255]
Actor Node | Step: 142000 | Output Action: [ 0.8190113 -1.       ]
Actor Node | Step: 142100 | Output Action: [ 0.6990726 -0.7417298]
Actor Node | Step: 142200 | Output Action: [ 0.11086272 -0.76034284]
Actor Node | Step: 142300 | Output Action: [ 1. -1.]
Actor Node | Step: 142400 | Output Action: [-0.25279582 -0.94267946]
Actor Node | Step: 142500 | Output Action: [-0.6245743 -0.3941885]
Actor Node | Step: 142600 | Output Action: [ 0.31138167 -1.        ]
Actor Node | Step: 142700 | Output Action: [-0.34674126 -0.00147188]
Actor Node | Step: 142800 | Output Action: [ 0.53842354 -0.8399902 ]
Actor Node | Step: 142900 | Output Action: [ 0.46983224 -1.        ]
Actor Node | Step: 143000 | Output Action: [ 1. -1.]
Actor Node | Step: 143100 | Output Action: [ 0.6807904 -1.       ]
Actor Node | Step: 143200 | Output Action: [ 0.77622646 -0.9474005 ]
Actor Node | Step: 143300 | Output Action: [ 0.77305365 -0.71753114]
Actor Node | Step: 143400 | Output Action: [ 0.55637723 -0.91783255]
Actor Node | Step: 143500 | Output Action: [ 1.        -0.6519139]
Actor Node | Step: 143600 | Output Action: [ 1. -1.]
Actor Node | Step: 143700 | Output Action: [ 0.8683478  -0.16271786]
Actor Node | Step: 143800 | Output Action: [-0.6201309 -0.5832698]
Actor Node | Step: 143900 | Output Action: [-1.         -0.82052577]
Actor Node | Step: 144000 | Output Action: [ 0.7063905 -0.6652625]
Actor Node | Step: 144100 | Output Action: [0.23848897 0.31653538]
Actor Node | Step: 144200 | Output Action: [ 0.83276784 -1.        ]
Actor Node | Step: 144300 | Output Action: [-0.17598216  0.8285346 ]
Actor Node | Step: 144400 | Output Action: [-0.10282817 -1.        ]
Actor Node | Step: 144500 | Output Action: [-0.34495482  0.08185133]
Actor Node | Step: 144600 | Output Action: [-0.00266833 -0.7345793 ]
Actor Node | Step: 144700 | Output Action: [ 1. -1.]
Actor Node | Step: 144800 | Output Action: [ 0.64612895 -0.0769676 ]
Actor Node | Step: 144900 | Output Action: [ 1. -1.]
Actor Node | Step: 145000 | Output Action: [ 1.        -0.6727514]
Actor Node | Step: 145100 | Output Action: [ 0.9207045 -0.9860976]
Actor Node | Step: 145200 | Output Action: [-0.29343778 -0.60294145]
Actor Node | Step: 145300 | Output Action: [-0.24424154  0.14643939]
Actor Node | Step: 145400 | Output Action: [ 0.39461285 -1.        ]
Actor Node | Step: 145500 | Output Action: [ 0.7993481 -1.       ]
Actor Node | Step: 145600 | Output Action: [ 0.83606607 -1.        ]
Actor Node | Step: 145700 | Output Action: [ 0.12015603 -1.        ]
Actor Node | Step: 145800 | Output Action: [ 0.6693984  -0.85733396]
Actor Node | Step: 145900 | Output Action: [ 1. -1.]
Actor Node | Step: 146000 | Output Action: [ 0.79909074 -0.73925143]
Actor Node | Step: 146100 | Output Action: [ 0.81722987 -1.        ]
Actor Node | Step: 146200 | Output Action: [ 1. -1.]
Actor Node | Step: 146300 | Output Action: [-0.61556923  0.87203974]
Actor Node | Step: 146400 | Output Action: [5.2626765e-01 2.5901914e-04]
Actor Node | Step: 146500 | Output Action: [ 1.        -0.7134817]
Actor Node | Step: 146600 | Output Action: [ 0.6145609 -0.7527745]
Actor Node | Step: 146700 | Output Action: [ 0.9388316  -0.84005976]
Actor Node | Step: 146800 | Output Action: [ 0.7181839 -1.       ]
Actor Node | Step: 146900 | Output Action: [-0.32142857 -0.5888942 ]
Actor Node | Step: 147000 | Output Action: [ 0.845226   -0.99828166]
Actor Node | Step: 147100 | Output Action: [ 0.59155416 -1.        ]
Actor Node | Step: 147200 | Output Action: [ 0.83834285 -1.        ]
Actor Node | Step: 147300 | Output Action: [ 0.5259265 -0.9268498]
Actor Node | Step: 147400 | Output Action: [-0.10128373 -0.88222134]
Actor Node | Step: 147500 | Output Action: [-0.33735052  0.00427029]
Actor Node | Step: 147600 | Output Action: [ 0.04304701 -1.        ]
Actor Node | Step: 147700 | Output Action: [ 1.         -0.37060598]
Actor Node | Step: 147800 | Output Action: [ 0.95243484 -0.7468405 ]
Actor Node | Step: 147900 | Output Action: [ 0.9058933 -1.       ]
Actor Node | Step: 148000 | Output Action: [-1.         -0.35986492]
Actor Node | Step: 148100 | Output Action: [ 0.6156861 -0.8106491]
Actor Node | Step: 148200 | Output Action: [ 0.5921915 -1.       ]
Actor Node | Step: 148300 | Output Action: [ 0.8865831 -1.       ]
Actor Node | Step: 148400 | Output Action: [-0.5947486 -0.2628728]
Actor Node | Step: 148500 | Output Action: [ 1.        -0.5928998]
Actor Node | Step: 148600 | Output Action: [ 0.57787436 -0.33117583]
Actor Node | Step: 148700 | Output Action: [ 0.0308215 -0.6770958]
Actor Node | Step: 148800 | Output Action: [ 0.3325675 -1.       ]
Actor Node | Step: 148900 | Output Action: [-0.92490935 -0.8622749 ]
Actor Node | Step: 149000 | Output Action: [-0.23567528  0.21150921]
Actor Node | Step: 149100 | Output Action: [ 0.64137113 -1.        ]
Actor Node | Step: 149200 | Output Action: [ 1. -1.]
Actor Node | Step: 149300 | Output Action: [-1.         -0.13270685]
Actor Node | Step: 149400 | Output Action: [ 0.87237775 -1.        ]
Actor Node | Step: 149500 | Output Action: [-0.38578284  0.34012032]
Actor Node | Step: 149600 | Output Action: [ 0.76001805 -1.        ]
Actor Node | Step: 149700 | Output Action: [-0.07204036  0.4352816 ]
Actor Node | Step: 149800 | Output Action: [ 0.46496212 -1.        ]
Actor Node | Step: 149900 | Output Action: [ 0.8937626 -1.       ]
Actor Node | Step: 150000 | Output Action: [ 0.8995119 -1.       ]
Actor Node | Step: 150100 | Output Action: [ 0.48838088 -0.59544873]
Actor Node | Step: 150200 | Output Action: [ 0.70790154 -0.9011651 ]
Actor Node | Step: 150300 | Output Action: [ 0.81710404 -0.68859327]
Actor Node | Step: 150400 | Output Action: [ 0.9288078 -0.974394 ]
Actor Node | Step: 150500 | Output Action: [-0.31260034  0.2688516 ]
Actor Node | Step: 150600 | Output Action: [ 0.69712454 -0.9821435 ]
Actor Node | Step: 150700 | Output Action: [ 0.90418446 -0.9918583 ]
Actor Node | Step: 150800 | Output Action: [ 0.5075225  -0.73627615]
Actor Node | Step: 150900 | Output Action: [ 1.         -0.96850634]
Actor Node | Step: 151000 | Output Action: [ 0.25520495 -1.        ]
Actor Node | Step: 151100 | Output Action: [ 0.8965069 -0.8528246]
Actor Node | Step: 151200 | Output Action: [0.04957667 0.90375274]
Actor Node | Step: 151300 | Output Action: [ 0.45654842 -0.9980313 ]
Actor Node | Step: 151400 | Output Action: [-0.6976785 -0.8420997]
Actor Node | Step: 151500 | Output Action: [ 1. -1.]
Actor Node | Step: 151600 | Output Action: [ 0.9601638 -1.       ]
Actor Node | Step: 151700 | Output Action: [ 0.8931737  -0.63298666]
Actor Node | Step: 151800 | Output Action: [ 0.76001185 -0.9107273 ]
Actor Node | Step: 151900 | Output Action: [ 0.82636106 -0.03487115]
Actor Node | Step: 152000 | Output Action: [ 0.92827064 -0.9764732 ]
Actor Node | Step: 152100 | Output Action: [ 1. -1.]
Actor Node | Step: 152200 | Output Action: [-0.7845295 -0.1197825]
Actor Node | Step: 152300 | Output Action: [-0.25177276  0.14632168]
Actor Node | Step: 152400 | Output Action: [ 0.09603049 -1.        ]
Actor Node | Step: 152500 | Output Action: [ 1. -1.]
Actor Node | Step: 152600 | Output Action: [ 1.         -0.83240664]
Actor Node | Step: 152700 | Output Action: [ 1. -1.]
Actor Node | Step: 152800 | Output Action: [ 0.8336438  -0.87966824]
Actor Node | Step: 152900 | Output Action: [ 0.90247995 -0.9983357 ]
Actor Node | Step: 153000 | Output Action: [0.15827617 0.25785238]
Actor Node | Step: 153100 | Output Action: [ 0.62768817 -0.9775105 ]
Actor Node | Step: 153200 | Output Action: [ 0.52855843 -0.83155864]
Actor Node | Step: 153300 | Output Action: [1.         0.23704866]
Actor Node | Step: 153400 | Output Action: [ 0.72616357 -0.90169114]
Actor Node | Step: 153500 | Output Action: [ 0.8070925 -0.9234645]
Actor Node | Step: 153600 | Output Action: [ 0.8808289 -0.8630151]
Actor Node | Step: 153700 | Output Action: [ 0.65442437 -0.13646245]
Actor Node | Step: 153800 | Output Action: [ 0.0117768  -0.51630205]
Actor Node | Step: 153900 | Output Action: [ 0.86070436 -0.94233465]
Actor Node | Step: 154000 | Output Action: [-0.4773964  0.5588272]
Actor Node | Step: 154100 | Output Action: [-0.26376715 -0.8341296 ]
Actor Node | Step: 154200 | Output Action: [-0.05116104 -0.06172277]
Actor Node | Step: 154300 | Output Action: [-0.09346669  0.08000352]
Actor Node | Step: 154400 | Output Action: [ 0.77173525 -1.        ]
Actor Node | Step: 154500 | Output Action: [-0.13720652 -1.        ]
Actor Node | Step: 154600 | Output Action: [ 0.9467045 -1.       ]
Actor Node | Step: 154700 | Output Action: [0.23167431 0.42782018]
Actor Node | Step: 154800 | Output Action: [ 1. -1.]
Actor Node | Step: 154900 | Output Action: [ 0.77875316 -1.        ]
Actor Node | Step: 155000 | Output Action: [ 1.         -0.92914265]
Actor Node | Step: 155100 | Output Action: [ 1. -1.]
Actor Node | Step: 155200 | Output Action: [ 0.86133003 -1.        ]
Actor Node | Step: 155300 | Output Action: [-0.6132961  -0.06212918]
Actor Node | Step: 155400 | Output Action: [0.13917534 0.3032733 ]
Actor Node | Step: 155500 | Output Action: [ 0.4915628 -1.       ]
Actor Node | Step: 155600 | Output Action: [ 0.4313971 -0.608029 ]
Actor Node | Step: 155700 | Output Action: [-0.5554173 -1.       ]
Actor Node | Step: 155800 | Output Action: [ 0.27962714 -1.        ]
Actor Node | Step: 155900 | Output Action: [-1.        -0.5315329]
Actor Node | Step: 156000 | Output Action: [-0.05084607 -0.59119856]
Actor Node | Step: 156100 | Output Action: [ 0.79060996 -1.        ]
Actor Node | Step: 156200 | Output Action: [ 0.57362765 -0.8695858 ]
Actor Node | Step: 156300 | Output Action: [ 0.02748414 -0.262526  ]
Actor Node | Step: 156400 | Output Action: [ 0.27074388 -0.69100934]
Actor Node | Step: 156500 | Output Action: [0.24266317 0.19961494]
Actor Node | Step: 156600 | Output Action: [ 0.54685235 -1.        ]
Actor Node | Step: 156700 | Output Action: [ 1. -1.]
Actor Node | Step: 156800 | Output Action: [ 0.7704194 -1.       ]
Actor Node | Step: 156900 | Output Action: [ 0.6693938 -0.9569591]
Actor Node | Step: 157000 | Output Action: [ 0.74639493 -0.88822377]
Actor Node | Step: 157100 | Output Action: [ 0.06904677 -0.42533433]
Actor Node | Step: 157200 | Output Action: [-0.8036173  -0.72653633]
Actor Node | Step: 157300 | Output Action: [-1.         -0.48248878]
Actor Node | Step: 157400 | Output Action: [ 0.7632691  -0.95397395]
Actor Node | Step: 157500 | Output Action: [ 0.9208629 -1.       ]
Actor Node | Step: 157600 | Output Action: [ 0.59237474 -0.59283954]
Actor Node | Step: 157700 | Output Action: [ 0.53280234 -0.14726798]
Actor Node | Step: 157800 | Output Action: [0.7531879 0.6498209]
Actor Node | Step: 157900 | Output Action: [0.12334503 0.4912729 ]
Actor Node | Step: 158000 | Output Action: [ 0.72887987 -0.93115175]
Actor Node | Step: 158100 | Output Action: [ 0.8764105 -1.       ]
Actor Node | Step: 158200 | Output Action: [-1.         -0.41293168]
Actor Node | Step: 158300 | Output Action: [ 0.244907   -0.20738795]
Actor Node | Step: 158400 | Output Action: [ 0.6190764 -1.       ]
Actor Node | Step: 158500 | Output Action: [ 0.43006703 -0.888589  ]
Actor Node | Step: 158600 | Output Action: [ 0.47761336 -1.        ]
Actor Node | Step: 158700 | Output Action: [ 0.82677686 -1.        ]
Actor Node | Step: 158800 | Output Action: [-0.40565768 -0.69668776]
Actor Node | Step: 158900 | Output Action: [ 0.96179795 -0.84380823]
Actor Node | Step: 159000 | Output Action: [0.12806246 0.30999467]
Actor Node | Step: 159100 | Output Action: [-0.6931852   0.13058609]
Actor Node | Step: 159200 | Output Action: [-0.49743515 -0.5824759 ]
Actor Node | Step: 159300 | Output Action: [ 0.06672574 -1.        ]
Actor Node | Step: 159400 | Output Action: [-0.6568418 -1.       ]
Actor Node | Step: 159500 | Output Action: [-0.12139523  0.2452565 ]
Actor Node | Step: 159600 | Output Action: [-0.14880964 -0.8562964 ]
Actor Node | Step: 159700 | Output Action: [ 0.7036531  -0.97199297]
Actor Node | Step: 159800 | Output Action: [ 1. -1.]
Actor Node | Step: 159900 | Output Action: [ 0.88598484 -0.31161886]
Actor Node | Step: 160000 | Output Action: [-0.42940012 -1.        ]
Actor Node | Step: 160100 | Output Action: [ 0.660111 -1.      ]
Actor Node | Step: 160200 | Output Action: [ 0.952344  -0.8461805]
Actor Node | Step: 160300 | Output Action: [ 0.11531331 -0.8489421 ]
Actor Node | Step: 160400 | Output Action: [-0.57551056  0.07529443]
Actor Node | Step: 160500 | Output Action: [ 0.1379824  -0.65605474]
Actor Node | Step: 160600 | Output Action: [0.04160292 0.13888489]
Actor Node | Step: 160700 | Output Action: [ 0.2561778  -0.06131625]
Actor Node | Step: 160800 | Output Action: [-0.10561042  0.09105393]
Actor Node | Step: 160900 | Output Action: [ 0.04037236 -0.15643586]
Actor Node | Step: 161000 | Output Action: [-0.47509423 -0.22461276]
Actor Node | Step: 161100 | Output Action: [ 0.4162801  -0.69789714]
Actor Node | Step: 161200 | Output Action: [ 0.01158499 -0.9117471 ]
Actor Node | Step: 161300 | Output Action: [ 0.81886536 -0.72853583]
Actor Node | Step: 161400 | Output Action: [ 0.9398707 -0.9804977]
Actor Node | Step: 161500 | Output Action: [ 1. -1.]
Actor Node | Step: 161600 | Output Action: [ 0.9870681  -0.63497776]
Actor Node | Step: 161700 | Output Action: [ 1. -1.]
Actor Node | Step: 161800 | Output Action: [-0.62495834 -0.7274751 ]
Actor Node | Step: 161900 | Output Action: [ 0.6189571 -1.       ]
Actor Node | Step: 162000 | Output Action: [0.8405517 0.4786621]
Actor Node | Step: 162100 | Output Action: [ 0.7688292 -1.       ]
Actor Node | Step: 162200 | Output Action: [ 0.7793283  -0.46160728]
Actor Node | Step: 162300 | Output Action: [ 0.6737973  -0.69495744]
Actor Node | Step: 162400 | Output Action: [ 0.8371653 -0.8477708]
Actor Node | Step: 162500 | Output Action: [ 1.        -0.9876479]
Actor Node | Step: 162600 | Output Action: [-0.5595295 -1.       ]
Actor Node | Step: 162700 | Output Action: [ 0.55238503 -0.8064206 ]
Actor Node | Step: 162800 | Output Action: [ 0.57197046 -0.92050356]
Actor Node | Step: 162900 | Output Action: [ 0.5025915 -0.8563381]
Actor Node | Step: 163000 | Output Action: [ 0.517701   -0.81182456]
Actor Node | Step: 163100 | Output Action: [ 0.7750242 -0.7603976]
Actor Node | Step: 163200 | Output Action: [ 1. -1.]
Actor Node | Step: 163300 | Output Action: [-0.52240217 -0.21085888]
Actor Node | Step: 163400 | Output Action: [-0.5821848  -0.35264692]
Actor Node | Step: 163500 | Output Action: [ 0.8354078 -1.       ]
Actor Node | Step: 163600 | Output Action: [ 0.7397715  -0.96197665]
Actor Node | Step: 163700 | Output Action: [ 1.         -0.81840223]
Actor Node | Step: 163800 | Output Action: [ 0.94603693 -1.        ]
Actor Node | Step: 163900 | Output Action: [ 0.82391745 -1.        ]
Actor Node | Step: 164000 | Output Action: [ 0.95869136 -0.8102159 ]
Actor Node | Step: 164100 | Output Action: [ 1. -1.]
Actor Node | Step: 164200 | Output Action: [-0.8279864  0.6555804]
Actor Node | Step: 164300 | Output Action: [-0.13428107  0.44086182]
Actor Node | Step: 164400 | Output Action: [ 0.43885663 -1.        ]
Actor Node | Step: 164500 | Output Action: [ 0.8367134  -0.74973786]
Actor Node | Step: 164600 | Output Action: [ 0.77367854 -0.62537235]
Actor Node | Step: 164700 | Output Action: [ 0.34657425 -1.        ]
Actor Node | Step: 164800 | Output Action: [ 1.         -0.90116155]
Actor Node | Step: 164900 | Output Action: [ 0.64102376 -0.74370295]
Actor Node | Step: 165000 | Output Action: [ 0.22038943 -0.5716256 ]
Actor Node | Step: 165100 | Output Action: [0.54514396 0.06604122]
Actor Node | Step: 165200 | Output Action: [ 0.2381194  -0.85655236]
Actor Node | Step: 165300 | Output Action: [-0.07046701 -1.        ]
Actor Node | Step: 165400 | Output Action: [0.41143578 0.9791642 ]
Actor Node | Step: 165500 | Output Action: [ 0.9165981  -0.92718405]
Actor Node | Step: 165600 | Output Action: [ 1.         -0.70870703]
Actor Node | Step: 165700 | Output Action: [ 0.35069165 -1.        ]
Actor Node | Step: 165800 | Output Action: [ 0.3641456  -0.86824733]
Actor Node | Step: 165900 | Output Action: [-0.6863921 -1.       ]
Actor Node | Step: 166000 | Output Action: [ 0.03872167 -0.7590539 ]
Actor Node | Step: 166100 | Output Action: [ 0.8976083  -0.94632804]
Actor Node | Step: 166200 | Output Action: [-0.17717923 -1.        ]
Actor Node | Step: 166300 | Output Action: [ 0.36706936 -0.01993132]
Actor Node | Step: 166400 | Output Action: [-0.5722226  0.4037246]
Actor Node | Step: 166500 | Output Action: [-0.19314535  0.76344705]
Actor Node | Step: 166600 | Output Action: [ 0.07882019 -0.00081251]
Actor Node | Step: 166700 | Output Action: [-0.6184518  -0.43389776]
Actor Node | Step: 166800 | Output Action: [-0.40141863  0.11889062]
Actor Node | Step: 166900 | Output Action: [ 1. -1.]
Actor Node | Step: 167000 | Output Action: [ 0.8684341  -0.95252645]
Actor Node | Step: 167100 | Output Action: [-0.22840081 -0.906637  ]
Actor Node | Step: 167200 | Output Action: [ 0.63805205 -0.9893145 ]
Actor Node | Step: 167300 | Output Action: [ 1.        -0.9742768]
Actor Node | Step: 167400 | Output Action: [ 0.23998961 -0.91390926]
Actor Node | Step: 167500 | Output Action: [ 0.8472619 -0.5839363]
Actor Node | Step: 167600 | Output Action: [ 0.9134299  -0.99975836]
Actor Node | Step: 167700 | Output Action: [0.10097294 0.8880849 ]
Actor Node | Step: 167800 | Output Action: [0.96476746 0.5204133 ]
Actor Node | Step: 167900 | Output Action: [-0.6789611  -0.02348134]
Actor Node | Step: 168000 | Output Action: [ 0.5143038  -0.57680804]
Actor Node | Step: 168100 | Output Action: [ 0.9421583 -0.820171 ]
Actor Node | Step: 168200 | Output Action: [ 0.7994747  -0.79118353]
Actor Node | Step: 168300 | Output Action: [ 0.96734923 -0.9727554 ]
Actor Node | Step: 168400 | Output Action: [ 1. -1.]
Actor Node | Step: 168500 | Output Action: [-0.03087004 -0.9487337 ]
Actor Node | Step: 168600 | Output Action: [ 0.77867866 -1.        ]
Actor Node | Step: 168700 | Output Action: [-0.4709979   0.02277299]
Actor Node | Step: 168800 | Output Action: [-0.181737  -0.1059621]
Actor Node | Step: 168900 | Output Action: [0.59759927 0.05235947]
Actor Node | Step: 169000 | Output Action: [-0.5233993   0.58194566]
Actor Node | Step: 169100 | Output Action: [ 0.7024491 -0.5001122]
Actor Node | Step: 169200 | Output Action: [ 0.6407106 -1.       ]
Actor Node | Step: 169300 | Output Action: [ 1.         -0.94680923]
Actor Node | Step: 169400 | Output Action: [ 0.21826464 -1.        ]
Actor Node | Step: 169500 | Output Action: [ 0.50359523 -1.        ]
Actor Node | Step: 169600 | Output Action: [ 0.6936253 -1.       ]
Actor Node | Step: 169700 | Output Action: [0.74078506 0.9908569 ]
Actor Node | Step: 169800 | Output Action: [-0.22523911 -0.9640946 ]
Actor Node | Step: 169900 | Output Action: [-1.         -0.74675494]
Actor Node | Step: 170000 | Output Action: [ 0.0910494 -0.7394631]
Actor Node | Step: 170100 | Output Action: [ 0.6416236  -0.87922543]
Actor Node | Step: 170200 | Output Action: [-0.05641187 -0.62842864]
Actor Node | Step: 170300 | Output Action: [0.27301946 0.5204051 ]
Actor Node | Step: 170400 | Output Action: [ 0.22325829 -1.        ]
Actor Node | Step: 170500 | Output Action: [-0.3695655   0.13183776]
Actor Node | Step: 170600 | Output Action: [ 0.2177817  -0.95276403]
Actor Node | Step: 170700 | Output Action: [ 0.57044446 -0.6815713 ]
Actor Node | Step: 170800 | Output Action: [-0.65825963 -0.9269166 ]
Actor Node | Step: 170900 | Output Action: [-0.2538145   0.09634453]
Actor Node | Step: 171000 | Output Action: [-0.45498237 -0.7961221 ]
Actor Node | Step: 171100 | Output Action: [0.32459298 0.20302401]
Actor Node | Step: 171200 | Output Action: [-0.2007961  -0.51420975]
Actor Node | Step: 171300 | Output Action: [-0.54991657 -0.3742067 ]
Actor Node | Step: 171400 | Output Action: [ 0.544313  -0.9025694]
Actor Node | Step: 171500 | Output Action: [ 0.97007173 -0.9115896 ]
Actor Node | Step: 171600 | Output Action: [ 0.98881173 -1.        ]
Actor Node | Step: 171700 | Output Action: [-0.26205212  0.21864277]
Actor Node | Step: 171800 | Output Action: [-0.72734934 -0.154688  ]
Actor Node | Step: 171900 | Output Action: [ 0.97876745 -0.8879328 ]
Actor Node | Step: 172000 | Output Action: [-1.        -0.6137859]
Actor Node | Step: 172100 | Output Action: [-0.03092731  0.51382434]
Actor Node | Step: 172200 | Output Action: [-0.2152202 -1.       ]
Actor Node | Step: 172300 | Output Action: [ 0.12052277 -0.67191964]
Actor Node | Step: 172400 | Output Action: [ 0.792414 -1.      ]
Actor Node | Step: 172500 | Output Action: [ 0.66420686 -0.76284003]
Actor Node | Step: 172600 | Output Action: [ 0.21440104 -0.56133467]
Actor Node | Step: 172700 | Output Action: [-0.28044295 -0.6127154 ]
Actor Node | Step: 172800 | Output Action: [ 0.59573275 -0.2879331 ]
Actor Node | Step: 172900 | Output Action: [ 0.77097994 -1.        ]
Actor Node | Step: 173000 | Output Action: [ 0.89377874 -0.6407941 ]
Actor Node | Step: 173100 | Output Action: [-0.6589226 -0.4564282]
Actor Node | Step: 173200 | Output Action: [ 0.04849396 -0.23200373]
Actor Node | Step: 173300 | Output Action: [ 0.5459503  -0.81494623]
Actor Node | Step: 173400 | Output Action: [ 1. -1.]
Actor Node | Step: 173500 | Output Action: [ 0.8687675  -0.97576135]
Actor Node | Step: 173600 | Output Action: [ 0.85210645 -0.8781701 ]
Actor Node | Step: 173700 | Output Action: [ 1. -1.]
Actor Node | Step: 173800 | Output Action: [0.7861968 0.5398089]
Actor Node | Step: 173900 | Output Action: [ 0.9183885 -1.       ]
Actor Node | Step: 174000 | Output Action: [-0.03104401 -0.34179825]
Actor Node | Step: 174100 | Output Action: [0.4695966  0.00611429]
Actor Node | Step: 174200 | Output Action: [ 0.79068786 -0.9182031 ]
Actor Node | Step: 174300 | Output Action: [-0.58782434 -0.98739296]
Actor Node | Step: 174400 | Output Action: [ 1. -1.]
Actor Node | Step: 174500 | Output Action: [ 0.7190113 -0.5974928]
Actor Node | Step: 174600 | Output Action: [ 0.28488424 -0.4292689 ]
Actor Node | Step: 174700 | Output Action: [ 0.53362894 -0.89710456]
Actor Node | Step: 174800 | Output Action: [ 0.10604112 -1.        ]
Actor Node | Step: 174900 | Output Action: [-0.13960756 -1.        ]
Actor Node | Step: 175000 | Output Action: [0.06094853 0.0833666 ]
Actor Node | Step: 175100 | Output Action: [ 0.44472414 -0.9815183 ]
Actor Node | Step: 175200 | Output Action: [ 0.44146103 -0.9902047 ]
Actor Node | Step: 175300 | Output Action: [ 0.42191333 -1.        ]
Actor Node | Step: 175400 | Output Action: [ 0.25273424 -0.28230178]
Actor Node | Step: 175500 | Output Action: [ 0.8238622 -0.7512967]
Actor Node | Step: 175600 | Output Action: [ 0.23053353 -0.98544973]
Actor Node | Step: 175700 | Output Action: [-0.5775776 -0.896463 ]
Actor Node | Step: 175800 | Output Action: [ 0.8872102 -0.9150145]
Actor Node | Step: 175900 | Output Action: [ 0.5638201 -0.818945 ]
Actor Node | Step: 176000 | Output Action: [-0.36771038 -0.77936345]
Actor Node | Step: 176100 | Output Action: [ 0.9335356  -0.91719794]
Actor Node | Step: 176200 | Output Action: [-0.39391184  0.47699913]
Actor Node | Step: 176300 | Output Action: [0.20792268 0.3218364 ]
Actor Node | Step: 176400 | Output Action: [ 0.98171186 -1.        ]
Actor Node | Step: 176500 | Output Action: [ 0.22631958 -0.9219259 ]
Actor Node | Step: 176600 | Output Action: [ 0.78490806 -1.        ]
Actor Node | Step: 176700 | Output Action: [ 1.         -0.98979974]
Actor Node | Step: 176800 | Output Action: [ 0.91580844 -1.        ]
Actor Node | Step: 176900 | Output Action: [-0.04106978  0.10964815]
Actor Node | Step: 177000 | Output Action: [ 0.8255394 -0.9717642]
Actor Node | Step: 177100 | Output Action: [ 0.9985678 -0.951682 ]
Actor Node | Step: 177200 | Output Action: [ 0.53215176 -1.        ]
Actor Node | Step: 177300 | Output Action: [ 1. -1.]
Actor Node | Step: 177400 | Output Action: [ 0.48480088 -0.68422496]
Actor Node | Step: 177500 | Output Action: [-0.24606808 -1.        ]
Actor Node | Step: 177600 | Output Action: [ 0.2927748 -1.       ]
Actor Node | Step: 177700 | Output Action: [-1.         -0.41612595]
Actor Node | Step: 177800 | Output Action: [ 0.5221654 -1.       ]
Actor Node | Step: 177900 | Output Action: [-0.18147781 -0.5569912 ]
Actor Node | Step: 178000 | Output Action: [-0.8303611 -1.       ]
Actor Node | Step: 178100 | Output Action: [ 1.        -0.8917819]
Actor Node | Step: 178200 | Output Action: [ 0.65188026 -0.53551286]
Actor Node | Step: 178300 | Output Action: [-0.663319  -0.6656584]
Actor Node | Step: 178400 | Output Action: [ 0.15272406 -0.7199567 ]
Actor Node | Step: 178500 | Output Action: [-0.94366634 -0.75044715]
Actor Node | Step: 178600 | Output Action: [-1.         -0.77344966]
Actor Node | Step: 178700 | Output Action: [-0.46207172 -0.80605376]
Actor Node | Step: 178800 | Output Action: [ 1.         -0.74530786]
Actor Node | Step: 178900 | Output Action: [ 0.70728046 -1.        ]
Actor Node | Step: 179000 | Output Action: [ 1. -1.]
Actor Node | Step: 179100 | Output Action: [ 0.91292036 -0.97529113]
Actor Node | Step: 179200 | Output Action: [ 0.64066416 -1.        ]
Actor Node | Step: 179300 | Output Action: [0.5302779  0.15094556]
Actor Node | Step: 179400 | Output Action: [ 0.9006105 -0.7199305]
Actor Node | Step: 179500 | Output Action: [ 0.17516366 -0.34890133]
Actor Node | Step: 179600 | Output Action: [ 0.6339281 -0.8170188]
Actor Node | Step: 179700 | Output Action: [ 0.7804885  -0.94535995]
Actor Node | Step: 179800 | Output Action: [ 1. -1.]
Actor Node | Step: 179900 | Output Action: [ 0.07422008 -0.07349297]
Actor Node | Step: 180000 | Output Action: [-0.53994906  0.29410818]
Actor Node | Step: 180100 | Output Action: [ 1. -1.]
Actor Node | Step: 180200 | Output Action: [ 0.9952271  -0.99880666]
Actor Node | Step: 180300 | Output Action: [-0.36339507 -0.5824945 ]
Actor Node | Step: 180400 | Output Action: [ 0.76579756 -0.8508179 ]
Actor Node | Step: 180500 | Output Action: [-0.0795353 -0.9327526]
Actor Node | Step: 180600 | Output Action: [-0.433046 -1.      ]
Actor Node | Step: 180700 | Output Action: [ 0.97373927 -1.        ]
Actor Node | Step: 180800 | Output Action: [-0.21207008 -0.49199238]
Actor Node | Step: 180900 | Output Action: [ 0.62117344 -0.23441523]
Actor Node | Step: 181000 | Output Action: [-0.47217616  0.22799052]
Actor Node | Step: 181100 | Output Action: [ 0.9738685 -0.872216 ]
Actor Node | Step: 181200 | Output Action: [0.06739733 0.38289055]
Actor Node | Step: 181300 | Output Action: [ 0.12182345 -0.42598194]
Actor Node | Step: 181400 | Output Action: [ 1.         -0.17657061]
Actor Node | Step: 181500 | Output Action: [ 0.40114623 -0.76516265]
Actor Node | Step: 181600 | Output Action: [ 0.6762936  -0.80097693]
Actor Node | Step: 181700 | Output Action: [ 1.        -0.9108882]
Actor Node | Step: 181800 | Output Action: [ 0.56858593 -0.98198307]
Actor Node | Step: 181900 | Output Action: [-0.8004789   0.05017865]
Actor Node | Step: 182000 | Output Action: [ 0.84441954 -0.95120156]
Actor Node | Step: 182100 | Output Action: [ 0.7951946 -1.       ]
Actor Node | Step: 182200 | Output Action: [ 1.         -0.93893826]
Actor Node | Step: 182300 | Output Action: [ 0.4479181 -1.       ]
Actor Node | Step: 182400 | Output Action: [ 1.        -0.9484264]
Actor Node | Step: 182500 | Output Action: [-0.67796075 -0.06528442]
Actor Node | Step: 182600 | Output Action: [ 0.7194635 -1.       ]
Actor Node | Step: 182700 | Output Action: [ 0.5348408 -0.2564488]
Actor Node | Step: 182800 | Output Action: [ 0.70678574 -1.        ]
Actor Node | Step: 182900 | Output Action: [0.4994698  0.11973877]
Actor Node | Step: 183000 | Output Action: [0.42346114 0.7072443 ]
Actor Node | Step: 183100 | Output Action: [ 0.8835853  -0.80016136]
Actor Node | Step: 183200 | Output Action: [ 0.0428673 -1.       ]
Actor Node | Step: 183300 | Output Action: [ 0.6406511 -1.       ]
Actor Node | Step: 183400 | Output Action: [ 1.         -0.98910385]
Actor Node | Step: 183500 | Output Action: [ 0.9380674 -1.       ]
Actor Node | Step: 183600 | Output Action: [ 1.         -0.66288465]
Actor Node | Step: 183700 | Output Action: [ 1.        -0.8960732]
Actor Node | Step: 183800 | Output Action: [-0.3932388 -1.       ]
Actor Node | Step: 183900 | Output Action: [ 0.18915336 -0.33218026]
Actor Node | Step: 184000 | Output Action: [ 0.7571395 -1.       ]
Actor Node | Step: 184100 | Output Action: [ 0.5284711 -1.       ]
Actor Node | Step: 184200 | Output Action: [-0.78588    -0.51763207]
Actor Node | Step: 184300 | Output Action: [-0.01835718 -0.6654156 ]
Actor Node | Step: 184400 | Output Action: [ 0.74508876 -1.        ]
Actor Node | Step: 184500 | Output Action: [-0.57305336 -0.80617356]
Actor Node | Step: 184600 | Output Action: [ 0.23765846 -0.03161786]
Actor Node | Step: 184700 | Output Action: [ 0.79750645 -1.        ]
Actor Node | Step: 184800 | Output Action: [-0.20697871 -0.00958558]
Actor Node | Step: 184900 | Output Action: [-0.31297842  0.82520205]
Actor Node | Step: 185000 | Output Action: [ 0.8214522 -1.       ]
Actor Node | Step: 185100 | Output Action: [ 1. -1.]
Actor Node | Step: 185200 | Output Action: [0.81313086 0.48656958]
Actor Node | Step: 185300 | Output Action: [ 0.8582129  -0.36685538]
Actor Node | Step: 185400 | Output Action: [0.4466553  0.28018966]
Actor Node | Step: 185500 | Output Action: [0.24038664 0.36204338]
Actor Node | Step: 185600 | Output Action: [ 0.49197775 -1.        ]
Actor Node | Step: 185700 | Output Action: [ 0.42800415 -0.8516706 ]
Actor Node | Step: 185800 | Output Action: [ 0.6428733  -0.83555037]
Actor Node | Step: 185900 | Output Action: [ 0.45145288 -1.        ]
Actor Node | Step: 186000 | Output Action: [-0.6337189  -0.37041354]
Actor Node | Step: 186100 | Output Action: [ 0.8654382 -0.8015079]
Actor Node | Step: 186200 | Output Action: [ 0.7309929 -0.872714 ]
Actor Node | Step: 186300 | Output Action: [-0.561305   -0.03921771]
Actor Node | Step: 186400 | Output Action: [ 0.596286  -0.7207595]
Actor Node | Step: 186500 | Output Action: [-0.12577905 -1.        ]
Actor Node | Step: 186600 | Output Action: [-0.04412396  0.3521545 ]
Actor Node | Step: 186700 | Output Action: [-0.36712334 -0.7394628 ]
Actor Node | Step: 186800 | Output Action: [ 0.79405206 -0.9497556 ]
Actor Node | Step: 186900 | Output Action: [ 0.89083356 -1.        ]
Actor Node | Step: 187000 | Output Action: [ 0.20283468 -0.60361445]
Actor Node | Step: 187100 | Output Action: [ 0.82421553 -1.        ]
Actor Node | Step: 187200 | Output Action: [ 0.15203299 -1.        ]
Actor Node | Step: 187300 | Output Action: [-0.52534187 -0.9924867 ]
Actor Node | Step: 187400 | Output Action: [ 0.70621496 -0.89902   ]
Actor Node | Step: 187500 | Output Action: [ 0.44624066 -0.9776517 ]
Actor Node | Step: 187600 | Output Action: [ 0.64827985 -1.        ]
Actor Node | Step: 187700 | Output Action: [ 0.82583755 -0.61753345]
Actor Node | Step: 187800 | Output Action: [ 1. -1.]
Actor Node | Step: 187900 | Output Action: [ 1.        -0.8938576]
Actor Node | Step: 188000 | Output Action: [ 0.5754358  -0.90089333]
Actor Node | Step: 188100 | Output Action: [ 1.         -0.60277903]
Actor Node | Step: 188200 | Output Action: [ 0.4274734  -0.33938342]
Actor Node | Step: 188300 | Output Action: [ 1.        -0.5356879]
Actor Node | Step: 188400 | Output Action: [ 0.633893 -1.      ]
Actor Node | Step: 188500 | Output Action: [ 0.9872751  -0.63593227]
Actor Node | Step: 188600 | Output Action: [ 0.87911016 -1.        ]
Actor Node | Step: 188700 | Output Action: [ 0.91741914 -0.59912676]
Actor Node | Step: 188800 | Output Action: [ 0.8710264 -1.       ]
Actor Node | Step: 188900 | Output Action: [ 0.9642942 -0.7043129]
Actor Node | Step: 189000 | Output Action: [ 0.37459117 -1.        ]
Actor Node | Step: 189100 | Output Action: [ 0.6107576 -0.7942492]
Actor Node | Step: 189200 | Output Action: [-0.41774103 -0.94280684]
Actor Node | Step: 189300 | Output Action: [ 0.7616681 -0.968681 ]
Actor Node | Step: 189400 | Output Action: [ 0.68673587 -0.9055927 ]
Actor Node | Step: 189500 | Output Action: [ 1.        -0.8986034]
Actor Node | Step: 189600 | Output Action: [-0.1758127  -0.17193766]
Actor Node | Step: 189700 | Output Action: [-0.46785235 -0.11765259]
Actor Node | Step: 189800 | Output Action: [ 0.80119133 -1.        ]
Actor Node | Step: 189900 | Output Action: [-1.       -0.724917]
Actor Node | Step: 190000 | Output Action: [ 0.7745484  -0.87965757]
Actor Node | Step: 190100 | Output Action: [ 0.9029857 -0.8360692]
Actor Node | Step: 190200 | Output Action: [-0.40552518 -0.3800267 ]
Actor Node | Step: 190300 | Output Action: [ 0.9977489 -1.       ]
Actor Node | Step: 190400 | Output Action: [ 0.40256324 -0.28452924]
Actor Node | Step: 190500 | Output Action: [ 0.03779791 -0.2513972 ]
Actor Node | Step: 190600 | Output Action: [ 1. -1.]
Actor Node | Step: 190700 | Output Action: [ 0.965659 -1.      ]
Actor Node | Step: 190800 | Output Action: [-0.10916588 -0.2634757 ]
Actor Node | Step: 190900 | Output Action: [ 0.6333326 -0.7720566]
Actor Node | Step: 191000 | Output Action: [ 0.8087906 -0.7895019]
Actor Node | Step: 191100 | Output Action: [ 0.6765896  -0.94609505]
Actor Node | Step: 191200 | Output Action: [ 0.7417834 -0.823041 ]
Actor Node | Step: 191300 | Output Action: [ 0.8575616  -0.68941957]
Actor Node | Step: 191400 | Output Action: [ 0.85210836 -1.        ]
Actor Node | Step: 191500 | Output Action: [ 0.5299278  -0.55149335]
Actor Node | Step: 191600 | Output Action: [-0.65517545 -0.36555603]
Actor Node | Step: 191700 | Output Action: [-0.6636327 -1.       ]
Actor Node | Step: 191800 | Output Action: [ 0.7672763 -1.       ]
Actor Node | Step: 191900 | Output Action: [-0.5142449  0.9821227]
Actor Node | Step: 192000 | Output Action: [ 0.9148661 -1.       ]
Actor Node | Step: 192100 | Output Action: [-0.39893723  0.12014953]
Actor Node | Step: 192200 | Output Action: [ 0.4724329 -1.       ]
Actor Node | Step: 192300 | Output Action: [ 0.9537153  -0.99807686]
Actor Node | Step: 192400 | Output Action: [ 0.7893523 -1.       ]
Actor Node | Step: 192500 | Output Action: [ 0.169875 -1.      ]
Actor Node | Step: 192600 | Output Action: [0.06529335 1.        ]
Actor Node | Step: 192700 | Output Action: [-0.05201934  0.11610272]
Actor Node | Step: 192800 | Output Action: [ 0.96726245 -0.8260664 ]
Actor Node | Step: 192900 | Output Action: [ 0.6668049 -1.       ]
Actor Node | Step: 193000 | Output Action: [ 0.7513273  -0.82934064]
Actor Node | Step: 193100 | Output Action: [ 0.46284428 -0.6564522 ]
Actor Node | Step: 193200 | Output Action: [ 0.9463803 -0.7262733]
Actor Node | Step: 193300 | Output Action: [ 0.6211495  -0.95154244]
Actor Node | Step: 193400 | Output Action: [ 0.96814173 -0.7324654 ]
Actor Node | Step: 193500 | Output Action: [ 0.6313863  -0.74595934]
Actor Node | Step: 193600 | Output Action: [ 0.4678641 -0.4937776]
Actor Node | Step: 193700 | Output Action: [ 0.85285324 -1.        ]
Actor Node | Step: 193800 | Output Action: [ 0.4824918 -0.87298  ]
Actor Node | Step: 193900 | Output Action: [ 0.28055415 -0.96273696]
Actor Node | Step: 194000 | Output Action: [ 0.82359797 -0.6651168 ]
Actor Node | Step: 194100 | Output Action: [ 1. -1.]
Actor Node | Step: 194200 | Output Action: [ 0.7875282 -1.       ]
Actor Node | Step: 194300 | Output Action: [ 0.45379445 -1.        ]
Actor Node | Step: 194400 | Output Action: [ 0.08143085 -0.15403691]
Actor Node | Step: 194500 | Output Action: [ 0.8071536  -0.75678617]
Actor Node | Step: 194600 | Output Action: [ 0.69496065 -0.99554753]
Actor Node | Step: 194700 | Output Action: [ 0.6004473 -0.9409376]
Actor Node | Step: 194800 | Output Action: [ 0.39243355 -0.944887  ]
Actor Node | Step: 194900 | Output Action: [0.37158573 0.12170744]
Actor Node | Step: 195000 | Output Action: [ 0.431565 -0.665441]
Actor Node | Step: 195100 | Output Action: [-0.05276433 -0.72283715]
Actor Node | Step: 195200 | Output Action: [ 0.5582903 -0.6231016]
Actor Node | Step: 195300 | Output Action: [ 0.83068347 -1.        ]
Actor Node | Step: 195400 | Output Action: [ 0.5453959 -0.9955138]
Actor Node | Step: 195500 | Output Action: [ 0.878055  -0.9049526]
Actor Node | Step: 195600 | Output Action: [-1.         -0.17718802]
Actor Node | Step: 195700 | Output Action: [ 0.08556954 -0.83941114]
Actor Node | Step: 195800 | Output Action: [-0.62144774 -0.3273457 ]
Actor Node | Step: 195900 | Output Action: [0.82800084 0.04137884]
Actor Node | Step: 196000 | Output Action: [-0.35344315 -0.08588877]
Actor Node | Step: 196100 | Output Action: [-1.        -0.5479809]
Actor Node | Step: 196200 | Output Action: [ 0.87236995 -1.        ]
Actor Node | Step: 196300 | Output Action: [ 0.90933233 -0.859792  ]
Actor Node | Step: 196400 | Output Action: [ 0.9669977 -1.       ]
Actor Node | Step: 196500 | Output Action: [ 0.41543838 -0.81606483]
Actor Node | Step: 196600 | Output Action: [ 0.16027083 -0.10491592]
Actor Node | Step: 196700 | Output Action: [ 0.58225137 -1.        ]
Actor Node | Step: 196800 | Output Action: [-0.7153789  -0.38139194]
Actor Node | Step: 196900 | Output Action: [-0.4982492   0.30751967]
Actor Node | Step: 197000 | Output Action: [-0.61055356 -0.8292859 ]
Actor Node | Step: 197100 | Output Action: [ 0.99160314 -0.94293904]
Actor Node | Step: 197200 | Output Action: [ 0.36580977 -0.16047522]
Actor Node | Step: 197300 | Output Action: [ 0.19837646 -0.5658655 ]
Actor Node | Step: 197400 | Output Action: [ 0.24463107 -0.06987772]
Actor Node | Step: 197500 | Output Action: [ 0.947423   -0.66093606]
Actor Node | Step: 197600 | Output Action: [-0.07176261 -0.6868019 ]
Actor Node | Step: 197700 | Output Action: [ 1.         -0.17362246]
Actor Node | Step: 197800 | Output Action: [ 1.         -0.97412324]
Actor Node | Step: 197900 | Output Action: [ 0.4964988 -1.       ]
Actor Node | Step: 198000 | Output Action: [ 1. -1.]
Actor Node | Step: 198100 | Output Action: [ 0.5991725  -0.70832735]
Actor Node | Step: 198200 | Output Action: [ 0.91434926 -0.67339826]
Actor Node | Step: 198300 | Output Action: [ 1.         -0.79397076]
Actor Node | Step: 198400 | Output Action: [ 0.5726748 -0.9036031]
Actor Node | Step: 198500 | Output Action: [ 0.16436136 -0.22966504]
Actor Node | Step: 198600 | Output Action: [ 0.5899861 -0.7453368]
Actor Node | Step: 198700 | Output Action: [ 0.26099947 -0.74385023]
Actor Node | Step: 198800 | Output Action: [ 1.        -0.6900302]
Actor Node | Step: 198900 | Output Action: [ 0.5097809 -0.7991981]
Actor Node | Step: 199000 | Output Action: [ 1. -1.]
Actor Node | Step: 199100 | Output Action: [ 0.42101935 -0.64556426]
Actor Node | Step: 199200 | Output Action: [ 1.        -0.6869953]
Actor Node | Step: 199300 | Output Action: [-0.28752834  0.21593006]
Actor Node | Step: 199400 | Output Action: [-0.6625425  0.741142 ]
Actor Node | Step: 199500 | Output Action: [-0.5762193 -0.066122 ]
Actor Node | Step: 199600 | Output Action: [0.00921463 0.33791703]
Actor Node | Step: 199700 | Output Action: [ 0.8541169 -0.7587421]
Actor Node | Step: 199800 | Output Action: [ 0.52825606 -0.83113945]
Actor Node | Step: 199900 | Output Action: [ 0.1432185 -1.       ]
Actor Node | Step: 200000 | Output Action: [-0.32174546 -0.97037226]
Actor Node | Step: 200100 | Output Action: [ 0.75985515 -1.        ]
Actor Node | Step: 200200 | Output Action: [ 0.23581664 -0.72281784]
Actor Node | Step: 200300 | Output Action: [ 0.2693947 -1.       ]
Actor Node | Step: 200400 | Output Action: [ 0.95316744 -1.        ]
Actor Node | Step: 200500 | Output Action: [ 0.86851543 -1.        ]
Actor Node | Step: 200600 | Output Action: [0.7399556  0.93258584]
Actor Node | Step: 200700 | Output Action: [ 0.43122345 -0.90656227]
Actor Node | Step: 200800 | Output Action: [ 0.5213334 -0.8011812]
Actor Node | Step: 200900 | Output Action: [1.        0.5965935]
Actor Node | Step: 201000 | Output Action: [-0.32727012 -0.34226382]
Actor Node | Step: 201100 | Output Action: [ 1.         -0.72410727]
Actor Node | Step: 201200 | Output Action: [ 0.1884213 -0.8910953]
Actor Node | Step: 201300 | Output Action: [ 0.95439893 -0.94536394]
Actor Node | Step: 201400 | Output Action: [ 0.9678041 -0.8309592]
Actor Node | Step: 201500 | Output Action: [ 0.7061002 -1.       ]
Actor Node | Step: 201600 | Output Action: [ 0.7129279  -0.87052065]
Actor Node | Step: 201700 | Output Action: [ 0.94090116 -0.9396736 ]
Actor Node | Step: 201800 | Output Action: [ 0.6920509 -0.6527574]
Actor Node | Step: 201900 | Output Action: [ 0.21942905 -0.38387764]
Actor Node | Step: 202000 | Output Action: [ 1.        -0.6902046]
Actor Node | Step: 202100 | Output Action: [ 0.9645743 -1.       ]
Actor Node | Step: 202200 | Output Action: [-0.29994744 -0.99860567]
Actor Node | Step: 202300 | Output Action: [ 0.8693323 -1.       ]
Actor Node | Step: 202400 | Output Action: [-0.7545959  -0.30237362]
Actor Node | Step: 202500 | Output Action: [ 0.5302983 -0.9241266]
Actor Node | Step: 202600 | Output Action: [ 0.8096678 -1.       ]
Actor Node | Step: 202700 | Output Action: [-0.74139637  0.3543298 ]
Actor Node | Step: 202800 | Output Action: [ 0.670316 -1.      ]
Actor Node | Step: 202900 | Output Action: [ 0.44636357 -0.96826774]
Actor Node | Step: 203000 | Output Action: [ 1. -1.]
Actor Node | Step: 203100 | Output Action: [ 0.3088832  -0.82169837]
Actor Node | Step: 203200 | Output Action: [-0.07376878 -0.5051303 ]
Actor Node | Step: 203300 | Output Action: [-0.2680878  -0.30532253]
Actor Node | Step: 203400 | Output Action: [-0.22501159 -1.        ]
Actor Node | Step: 203500 | Output Action: [-0.12383732 -0.25895187]
Actor Node | Step: 203600 | Output Action: [ 0.5569172 -0.6021216]
Actor Node | Step: 203700 | Output Action: [ 0.41401622 -0.9027958 ]
Actor Node | Step: 203800 | Output Action: [ 0.03893339 -0.51782864]
Actor Node | Step: 203900 | Output Action: [ 0.491999  -0.5483251]
Actor Node | Step: 204000 | Output Action: [ 0.7103872  -0.89518327]
Actor Node | Step: 204100 | Output Action: [-0.6327672   0.82475543]
Actor Node | Step: 204200 | Output Action: [-0.09544089 -0.84601814]
Actor Node | Step: 204300 | Output Action: [ 0.5700035 -0.8922586]
Actor Node | Step: 204400 | Output Action: [ 0.76363593 -0.6248314 ]
Actor Node | Step: 204500 | Output Action: [-0.15489091 -0.60468763]
Actor Node | Step: 204600 | Output Action: [-0.47292295  0.16739747]
Actor Node | Step: 204700 | Output Action: [ 0.6286358  -0.42972913]
Actor Node | Step: 204800 | Output Action: [ 0.78058636 -1.        ]
Actor Node | Step: 204900 | Output Action: [-0.6510177  -0.63673043]
Actor Node | Step: 205000 | Output Action: [ 0.06469529 -0.159121  ]
Actor Node | Step: 205100 | Output Action: [ 1.        -0.6469306]
Actor Node | Step: 205200 | Output Action: [1.         0.38595366]
Actor Node | Step: 205300 | Output Action: [ 0.47194952 -0.94634503]
Actor Node | Step: 205400 | Output Action: [-0.18211399  0.2150381 ]
Actor Node | Step: 205500 | Output Action: [ 0.6500936 -1.       ]
Actor Node | Step: 205600 | Output Action: [ 0.34777063 -0.86188257]
Actor Node | Step: 205700 | Output Action: [ 0.83339685 -1.        ]
Actor Node | Step: 205800 | Output Action: [ 0.8586315 -1.       ]
Actor Node | Step: 205900 | Output Action: [ 0.7287612 -0.5304257]
Actor Node | Step: 206000 | Output Action: [ 0.66188323 -1.        ]
Actor Node | Step: 206100 | Output Action: [ 1. -1.]
Actor Node | Step: 206200 | Output Action: [ 0.799347 -1.      ]
Actor Node | Step: 206300 | Output Action: [ 0.94860667 -1.        ]
Actor Node | Step: 206400 | Output Action: [ 0.08791652 -1.        ]
Actor Node | Step: 206500 | Output Action: [ 0.67698556 -1.        ]
Actor Node | Step: 206600 | Output Action: [-0.79225874 -0.6237259 ]
Actor Node | Step: 206700 | Output Action: [-0.8764309   0.23064539]
Actor Node | Step: 206800 | Output Action: [ 0.39176354 -1.        ]
Actor Node | Step: 206900 | Output Action: [-0.26052433 -0.49763355]
Actor Node | Step: 207000 | Output Action: [-0.67858297 -0.09677275]
Actor Node | Step: 207100 | Output Action: [ 0.53952956 -0.9429151 ]
Actor Node | Step: 207200 | Output Action: [ 0.7257025 -0.4398755]
Actor Node | Step: 207300 | Output Action: [-0.06136268 -0.25810137]
Actor Node | Step: 207400 | Output Action: [-0.2812474  -0.13707262]
Actor Node | Step: 207500 | Output Action: [0.19216873 0.0240506 ]
Actor Node | Step: 207600 | Output Action: [ 1.        -0.8110895]
Actor Node | Step: 207700 | Output Action: [ 0.6990924 -1.       ]
Actor Node | Step: 207800 | Output Action: [ 0.7454959 -0.539011 ]
Actor Node | Step: 207900 | Output Action: [ 0.2648488 -1.       ]
Actor Node | Step: 208000 | Output Action: [ 0.99479014 -0.900686  ]
Actor Node | Step: 208100 | Output Action: [ 0.7104502 -0.7014578]
Actor Node | Step: 208200 | Output Action: [ 0.8073597 -0.8380987]
Actor Node | Step: 208300 | Output Action: [ 0.9203676 -0.5669197]
Actor Node | Step: 208400 | Output Action: [ 0.73953205 -0.98195887]
Actor Node | Step: 208500 | Output Action: [ 0.8826611  -0.28447464]
Actor Node | Step: 208600 | Output Action: [ 0.5897572 -1.       ]
Actor Node | Step: 208700 | Output Action: [0.00124698 0.6030607 ]
Actor Node | Step: 208800 | Output Action: [ 0.5774944 -1.       ]
Actor Node | Step: 208900 | Output Action: [ 0.7871628 -0.873886 ]
Actor Node | Step: 209000 | Output Action: [ 0.75439006 -0.82898545]
Actor Node | Step: 209100 | Output Action: [ 0.8840043 -0.9625508]
Actor Node | Step: 209200 | Output Action: [ 0.66674244 -1.        ]
Actor Node | Step: 209300 | Output Action: [-0.14699723  0.44797638]
Actor Node | Step: 209400 | Output Action: [ 1. -1.]
Actor Node | Step: 209500 | Output Action: [0.07604822 0.17774944]
Actor Node | Step: 209600 | Output Action: [ 0.14513466 -0.65975475]
Actor Node | Step: 209700 | Output Action: [ 0.77687657 -0.8004074 ]
Actor Node | Step: 209800 | Output Action: [-1.        -0.5378926]
Actor Node | Step: 209900 | Output Action: [-0.585178 -1.      ]
Actor Node | Step: 210000 | Output Action: [ 0.74273676 -0.85962176]
Actor Node | Step: 210100 | Output Action: [-0.26947102 -0.38768703]
Actor Node | Step: 210200 | Output Action: [ 0.9223506  -0.96187186]
Actor Node | Step: 210300 | Output Action: [-0.04130178 -0.73188275]
Actor Node | Step: 210400 | Output Action: [ 0.34033003 -0.6336129 ]
Actor Node | Step: 210500 | Output Action: [ 0.8537106 -1.       ]
Actor Node | Step: 210600 | Output Action: [-0.08143163  0.23415546]
Actor Node | Step: 210700 | Output Action: [ 0.01477227 -1.        ]
Actor Node | Step: 210800 | Output Action: [ 0.7276473 -0.8506954]
Actor Node | Step: 210900 | Output Action: [-0.3285277 -0.9891929]
Actor Node | Step: 211000 | Output Action: [ 0.3391414  -0.86755687]
Actor Node | Step: 211100 | Output Action: [ 0.72725016 -0.6754949 ]
Actor Node | Step: 211200 | Output Action: [ 0.63336515 -0.5368315 ]
Actor Node | Step: 211300 | Output Action: [ 0.5152031  -0.12094484]
Actor Node | Step: 211400 | Output Action: [ 0.08908405 -0.7223062 ]
Actor Node | Step: 211500 | Output Action: [ 0.78311163 -0.5309324 ]
Actor Node | Step: 211600 | Output Action: [-0.28088263 -0.16113903]
Actor Node | Step: 211700 | Output Action: [ 0.6176061 -0.9521509]
Actor Node | Step: 211800 | Output Action: [ 0.98508203 -0.6525736 ]
Actor Node | Step: 211900 | Output Action: [-0.1567722  0.6171698]
Actor Node | Step: 212000 | Output Action: [ 0.77171314 -0.8564186 ]
Actor Node | Step: 212100 | Output Action: [ 0.06075686 -0.08179829]
Actor Node | Step: 212200 | Output Action: [ 0.36803454 -1.        ]
Actor Node | Step: 212300 | Output Action: [ 0.59140706 -0.6447171 ]
Actor Node | Step: 212400 | Output Action: [ 1.         -0.34501973]
Actor Node | Step: 212500 | Output Action: [ 0.9058708 -1.       ]
Actor Node | Step: 212600 | Output Action: [ 0.7910175 -1.       ]
Actor Node | Step: 212700 | Output Action: [-0.32690462 -0.20776685]
Actor Node | Step: 212800 | Output Action: [ 0.76985735 -0.8709961 ]
Actor Node | Step: 212900 | Output Action: [-0.19595106 -0.6876733 ]
Actor Node | Step: 213000 | Output Action: [ 0.05053004 -0.46383947]
Actor Node | Step: 213100 | Output Action: [-0.39825863 -0.75738186]
Actor Node | Step: 213200 | Output Action: [ 0.6147474 -0.6882582]
Actor Node | Step: 213300 | Output Action: [ 0.45697245 -1.        ]
Actor Node | Step: 213400 | Output Action: [-0.17991813 -0.5524467 ]
Actor Node | Step: 213500 | Output Action: [ 0.8140653 -1.       ]
Actor Node | Step: 213600 | Output Action: [0.75954723 0.17518617]
Actor Node | Step: 213700 | Output Action: [0.9431687 0.73805  ]
Actor Node | Step: 213800 | Output Action: [-0.22481906  0.17491807]
Actor Node | Step: 213900 | Output Action: [ 0.7973501 -0.9375913]
Actor Node | Step: 214000 | Output Action: [-0.26968843 -0.70210224]
Actor Node | Step: 214100 | Output Action: [ 0.11839883 -0.28104347]
Actor Node | Step: 214200 | Output Action: [0.08990976 0.49940923]
Actor Node | Step: 214300 | Output Action: [ 0.3402998  -0.31587163]
Actor Node | Step: 214400 | Output Action: [ 0.37860164 -1.        ]
Actor Node | Step: 214500 | Output Action: [-0.81711566  0.53562593]
Actor Node | Step: 214600 | Output Action: [ 0.6186091  -0.93904465]
Actor Node | Step: 214700 | Output Action: [ 0.287564   -0.96326375]
Actor Node | Step: 214800 | Output Action: [-0.3049328 -0.530782 ]
Actor Node | Step: 214900 | Output Action: [-0.14321652 -1.        ]
Actor Node | Step: 215000 | Output Action: [ 0.3891194 -1.       ]
Actor Node | Step: 215100 | Output Action: [-0.47944075 -1.        ]
Actor Node | Step: 215200 | Output Action: [ 0.28179798 -0.07581359]
Actor Node | Step: 215300 | Output Action: [ 0.86460286 -0.9139334 ]
Actor Node | Step: 215400 | Output Action: [ 0.6391556 -1.       ]
Actor Node | Step: 215500 | Output Action: [ 0.62005675 -0.6612681 ]
Actor Node | Step: 215600 | Output Action: [ 0.8539946 -1.       ]
Actor Node | Step: 215700 | Output Action: [ 0.36005473 -1.        ]
Actor Node | Step: 215800 | Output Action: [-0.22386327 -0.24083108]
Actor Node | Step: 215900 | Output Action: [ 0.68503803 -0.57500196]
Actor Node | Step: 216000 | Output Action: [-1.        0.505545]
Actor Node | Step: 216100 | Output Action: [ 0.76050675 -0.9788716 ]
Actor Node | Step: 216200 | Output Action: [ 0.3048857  -0.93523574]
Actor Node | Step: 216300 | Output Action: [ 0.5904687 -1.       ]
Actor Node | Step: 216400 | Output Action: [ 0.04499869 -0.98261195]
Actor Node | Step: 216500 | Output Action: [ 0.9188581 -0.6164134]
Actor Node | Step: 216600 | Output Action: [ 0.57723016 -0.48194358]
Actor Node | Step: 216700 | Output Action: [ 0.10228627 -1.        ]
Actor Node | Step: 216800 | Output Action: [0.25242633 0.5049948 ]
Actor Node | Step: 216900 | Output Action: [ 0.5688126 -0.9729164]
Actor Node | Step: 217000 | Output Action: [-0.45057067 -0.20239969]
Actor Node | Step: 217100 | Output Action: [ 0.74378765 -0.52024657]
Actor Node | Step: 217200 | Output Action: [ 0.50067395 -0.6097277 ]
Actor Node | Step: 217300 | Output Action: [ 0.6633321 -0.6950874]
Actor Node | Step: 217400 | Output Action: [-0.35064304 -0.5229501 ]
Actor Node | Step: 217500 | Output Action: [ 0.98232216 -1.        ]
Actor Node | Step: 217600 | Output Action: [ 0.10364947 -1.        ]
Actor Node | Step: 217700 | Output Action: [0.39381874 0.23839591]
Actor Node | Step: 217800 | Output Action: [-0.0562645  -0.00952663]
Actor Node | Step: 217900 | Output Action: [0.07197539 0.44388568]
Actor Node | Step: 218000 | Output Action: [ 0.27754897 -0.884801  ]
Actor Node | Step: 218100 | Output Action: [ 0.9365772  -0.85940874]
Actor Node | Step: 218200 | Output Action: [ 0.6031533  -0.70125467]
Actor Node | Step: 218300 | Output Action: [ 0.8243412 -1.       ]
Actor Node | Step: 218400 | Output Action: [ 0.86767083 -0.5607704 ]
Actor Node | Step: 218500 | Output Action: [ 0.6994668  -0.97172093]
Actor Node | Step: 218600 | Output Action: [-0.05227389 -0.62314445]
Actor Node | Step: 218700 | Output Action: [ 0.44964582 -0.90227413]
Actor Node | Step: 218800 | Output Action: [ 0.6729295 -1.       ]
Actor Node | Step: 218900 | Output Action: [ 0.5080375 -0.6442948]
Actor Node | Step: 219000 | Output Action: [ 0.8524877 -1.       ]
Actor Node | Step: 219100 | Output Action: [-0.3015529   0.75336796]
Actor Node | Step: 219200 | Output Action: [ 0.6277704  -0.47670826]
Actor Node | Step: 219300 | Output Action: [ 0.13594851 -0.96982723]
Actor Node | Step: 219400 | Output Action: [ 1.        -0.8566613]
Actor Node | Step: 219500 | Output Action: [-0.8627047  -0.64256907]
Actor Node | Step: 219600 | Output Action: [-0.1768697  -0.61743754]
Actor Node | Step: 219700 | Output Action: [ 0.17027292 -0.78465563]
Actor Node | Step: 219800 | Output Action: [-0.38903046 -0.3565612 ]
Actor Node | Step: 219900 | Output Action: [-0.20452002 -0.89111394]
Actor Node | Step: 220000 | Output Action: [-0.09682985  0.16256559]
Actor Node | Step: 220100 | Output Action: [ 0.5330993 -1.       ]
Actor Node | Step: 220200 | Output Action: [-0.25839132 -0.7161897 ]
Actor Node | Step: 220300 | Output Action: [-0.22555745 -0.26180634]
Actor Node | Step: 220400 | Output Action: [ 0.772324   -0.96889406]
Actor Node | Step: 220500 | Output Action: [ 1.        -0.8583168]
Actor Node | Step: 220600 | Output Action: [0.4850113  0.16737345]
Actor Node | Step: 220700 | Output Action: [ 0.5682152  -0.09103999]
Actor Node | Step: 220800 | Output Action: [ 0.6124568 -0.5225772]
Actor Node | Step: 220900 | Output Action: [ 0.5549356 -0.8803871]
Actor Node | Step: 221000 | Output Action: [-0.42700905 -1.        ]
Actor Node | Step: 221100 | Output Action: [ 0.71255726 -0.79298323]
Actor Node | Step: 221200 | Output Action: [ 0.9153726 -1.       ]
Actor Node | Step: 221300 | Output Action: [ 0.96376157 -0.9267505 ]
Actor Node | Step: 221400 | Output Action: [-0.0487101  -0.69938445]
Actor Node | Step: 221500 | Output Action: [ 0.98822093 -1.        ]
Actor Node | Step: 221600 | Output Action: [ 1. -1.]
Actor Node | Step: 221700 | Output Action: [ 0.53047025 -0.9498767 ]
Actor Node | Step: 221800 | Output Action: [ 0.55713546 -0.0535453 ]
Actor Node | Step: 221900 | Output Action: [-0.44777185 -0.0708345 ]
Actor Node | Step: 222000 | Output Action: [ 0.81063527 -0.8743146 ]
Actor Node | Step: 222100 | Output Action: [ 0.358377  -0.5229499]
Actor Node | Step: 222200 | Output Action: [ 0.707976  -0.5716594]
Actor Node | Step: 222300 | Output Action: [ 0.9908285  -0.55238336]
Actor Node | Step: 222400 | Output Action: [ 0.77830446 -1.        ]
Actor Node | Step: 222500 | Output Action: [-0.12400086 -0.56770813]
Actor Node | Step: 222600 | Output Action: [0.08824789 0.31358644]
Actor Node | Step: 222700 | Output Action: [ 0.6212465 -1.       ]
Actor Node | Step: 222800 | Output Action: [ 0.14620389 -0.9286866 ]
Actor Node | Step: 222900 | Output Action: [-0.57605606  0.45890242]
Actor Node | Step: 223000 | Output Action: [ 0.3634781  -0.24491952]
Actor Node | Step: 223100 | Output Action: [ 1. -1.]
Actor Node | Step: 223200 | Output Action: [ 0.668197 -1.      ]
Actor Node | Step: 223300 | Output Action: [ 0.03195661 -1.        ]
Actor Node | Step: 223400 | Output Action: [ 0.9333151 -1.       ]
Actor Node | Step: 223500 | Output Action: [ 0.43948606 -0.9958509 ]
Actor Node | Step: 223600 | Output Action: [-0.22320758 -0.3925093 ]
Actor Node | Step: 223700 | Output Action: [-0.7037498 -0.6065971]
Actor Node | Step: 223800 | Output Action: [ 0.398443 -1.      ]
Actor Node | Step: 223900 | Output Action: [0.5409924  0.02820989]
Actor Node | Step: 224000 | Output Action: [ 0.26201135 -0.7615543 ]
Actor Node | Step: 224100 | Output Action: [ 0.5571101 -0.2916668]
Actor Node | Step: 224200 | Output Action: [ 0.73779875 -0.75647265]
Actor Node | Step: 224300 | Output Action: [ 0.6549559  -0.99874306]
Actor Node | Step: 224400 | Output Action: [ 0.08047287 -0.7125398 ]
Actor Node | Step: 224500 | Output Action: [-0.36492985 -1.        ]
Actor Node | Step: 224600 | Output Action: [-0.04821865 -0.7613775 ]
Actor Node | Step: 224700 | Output Action: [ 0.6679976 -0.6268078]
Actor Node | Step: 224800 | Output Action: [-0.74921453  0.24859966]
Actor Node | Step: 224900 | Output Action: [ 0.01177886 -0.7469044 ]
Actor Node | Step: 225000 | Output Action: [ 0.7513079 -1.       ]
Actor Node | Step: 225100 | Output Action: [-0.26809114 -0.6994791 ]
Actor Node | Step: 225200 | Output Action: [ 0.37466133 -0.90156645]
Actor Node | Step: 225300 | Output Action: [-0.67907596 -0.49364406]
Actor Node | Step: 225400 | Output Action: [ 0.5176378 -1.       ]
Actor Node | Step: 225500 | Output Action: [-0.40414953  0.04264725]
Actor Node | Step: 225600 | Output Action: [ 0.5126549 -1.       ]
Actor Node | Step: 225700 | Output Action: [ 0.53464705 -0.8652762 ]
Actor Node | Step: 225800 | Output Action: [ 0.99364775 -1.        ]
Actor Node | Step: 225900 | Output Action: [ 0.5105461 -1.       ]
Actor Node | Step: 226000 | Output Action: [ 0.7082383  -0.66234493]
Actor Node | Step: 226100 | Output Action: [ 0.7158692 -1.       ]
Actor Node | Step: 226200 | Output Action: [ 0.33622807 -0.5700773 ]
Actor Node | Step: 226300 | Output Action: [-0.33202475 -0.22575502]
Actor Node | Step: 226400 | Output Action: [-0.01041206 -0.9715675 ]
Actor Node | Step: 226500 | Output Action: [ 0.78021437 -1.        ]
Actor Node | Step: 226600 | Output Action: [ 0.05016842 -1.        ]
Actor Node | Step: 226700 | Output Action: [0.5120973  0.82434815]
Actor Node | Step: 226800 | Output Action: [-0.5665082  -0.57859194]
Actor Node | Step: 226900 | Output Action: [-0.56335634 -0.6442374 ]
Actor Node | Step: 227000 | Output Action: [ 0.68778366 -1.        ]
Actor Node | Step: 227100 | Output Action: [ 0.23254173 -1.        ]
Actor Node | Step: 227200 | Output Action: [0.08573917 0.45383868]
Actor Node | Step: 227300 | Output Action: [ 0.6805795 -1.       ]
Actor Node | Step: 227400 | Output Action: [0.5972565  0.41066146]
Actor Node | Step: 227500 | Output Action: [-0.06073359 -1.        ]
Actor Node | Step: 227600 | Output Action: [ 0.88143593 -0.925532  ]
Actor Node | Step: 227700 | Output Action: [ 0.5689279 -1.       ]
Actor Node | Step: 227800 | Output Action: [ 1.         -0.61035055]
Actor Node | Step: 227900 | Output Action: [ 0.13585122 -1.        ]
Actor Node | Step: 228000 | Output Action: [ 0.84607    -0.92152864]
Actor Node | Step: 228100 | Output Action: [ 0.5394806 -0.6645663]
Actor Node | Step: 228200 | Output Action: [ 1.        -0.8381728]
Actor Node | Step: 228300 | Output Action: [-0.785914   0.1640797]
Actor Node | Step: 228400 | Output Action: [ 0.42186877 -1.        ]
Actor Node | Step: 228500 | Output Action: [ 1. -1.]
Actor Node | Step: 228600 | Output Action: [ 1.         -0.91096914]
Actor Node | Step: 228700 | Output Action: [ 0.8971211 -1.       ]
Actor Node | Step: 228800 | Output Action: [-0.07675492 -0.6471891 ]
Actor Node | Step: 228900 | Output Action: [ 0.77184135 -0.9567367 ]
Actor Node | Step: 229000 | Output Action: [ 0.73581165 -1.        ]
Actor Node | Step: 229100 | Output Action: [ 0.07467173 -0.46105823]
Actor Node | Step: 229200 | Output Action: [-0.72792304 -0.28507856]
Actor Node | Step: 229300 | Output Action: [-0.20225248 -0.7575065 ]
Actor Node | Step: 229400 | Output Action: [ 0.26914734 -0.8752493 ]
Actor Node | Step: 229500 | Output Action: [-0.36752436  0.0142028 ]
Actor Node | Step: 229600 | Output Action: [-0.00608198 -0.69990236]
Actor Node | Step: 229700 | Output Action: [-0.61048996 -0.23650137]
Actor Node | Step: 229800 | Output Action: [ 0.7496745 -0.7007268]
Actor Node | Step: 229900 | Output Action: [ 0.6261257 -0.726416 ]
Actor Node | Step: 230000 | Output Action: [0.11289769 0.08421317]
Actor Node | Step: 230100 | Output Action: [ 0.19788657 -0.976072  ]
Actor Node | Step: 230200 | Output Action: [ 1.        -0.5631128]
Actor Node | Step: 230300 | Output Action: [ 0.80694604 -0.25615653]
Actor Node | Step: 230400 | Output Action: [-0.36365387  0.20868285]
Actor Node | Step: 230500 | Output Action: [-0.5442115  -0.02926787]
Actor Node | Step: 230600 | Output Action: [ 0.23200384 -0.5197304 ]
Actor Node | Step: 230700 | Output Action: [ 0.5425173 -1.       ]
Actor Node | Step: 230800 | Output Action: [0.5127051 0.0521621]
Actor Node | Step: 230900 | Output Action: [ 0.19149998 -0.6431409 ]
Actor Node | Step: 231000 | Output Action: [ 0.19004297 -0.47242028]
Actor Node | Step: 231100 | Output Action: [ 0.9066094 -0.7643285]
Actor Node | Step: 231200 | Output Action: [ 0.9058496  -0.43316385]
Actor Node | Step: 231300 | Output Action: [ 0.7503643 -1.       ]
Actor Node | Step: 231400 | Output Action: [ 0.1063011  -0.25698775]
Actor Node | Step: 231500 | Output Action: [0.50968903 0.2037457 ]
Actor Node | Step: 231600 | Output Action: [ 0.6147641  -0.11209542]
Actor Node | Step: 231700 | Output Action: [ 0.34562725 -0.9535178 ]
Actor Node | Step: 231800 | Output Action: [-0.10707297 -0.7773709 ]
Actor Node | Step: 231900 | Output Action: [ 0.00225775 -0.8361848 ]
Actor Node | Step: 232000 | Output Action: [-0.30703038  0.46114567]
Actor Node | Step: 232100 | Output Action: [-0.69291973 -0.09269296]
Actor Node | Step: 232200 | Output Action: [-1. -1.]
Actor Node | Step: 232300 | Output Action: [-0.9621874  -0.39131385]
Actor Node | Step: 232400 | Output Action: [ 0.85081345 -0.72540534]
Actor Node | Step: 232500 | Output Action: [-0.11765197 -0.17196801]
Actor Node | Step: 232600 | Output Action: [ 0.67937136 -0.9444346 ]
Actor Node | Step: 232700 | Output Action: [-0.3658689  -0.77200353]
Actor Node | Step: 232800 | Output Action: [ 0.6990094 -0.7546456]
Actor Node | Step: 232900 | Output Action: [0.94457793 0.31324714]
Actor Node | Step: 233000 | Output Action: [ 0.09965647 -0.7120698 ]
Actor Node | Step: 233100 | Output Action: [ 0.5429014 -1.       ]
Actor Node | Step: 233200 | Output Action: [ 0.6521121 -0.9608842]
Actor Node | Step: 233300 | Output Action: [ 0.96489596 -0.9490307 ]
Actor Node | Step: 233400 | Output Action: [-0.31809217 -0.84093094]
Actor Node | Step: 233500 | Output Action: [ 0.7805007 -1.       ]
Actor Node | Step: 233600 | Output Action: [ 0.6820661  -0.77236795]
Actor Node | Step: 233700 | Output Action: [ 0.24104244 -0.352368  ]
Actor Node | Step: 233800 | Output Action: [ 0.7434414 -1.       ]
Actor Node | Step: 233900 | Output Action: [ 0.82435966 -0.8860654 ]
Actor Node | Step: 234000 | Output Action: [ 0.6290328  -0.97506344]
Actor Node | Step: 234100 | Output Action: [-0.08590496 -0.3566208 ]
Actor Node | Step: 234200 | Output Action: [ 0.8978633 -1.       ]
Actor Node | Step: 234300 | Output Action: [ 0.76224345 -1.        ]
Actor Node | Step: 234400 | Output Action: [ 0.26990387 -0.9263352 ]
Actor Node | Step: 234500 | Output Action: [0.22451279 0.06972404]
Actor Node | Step: 234600 | Output Action: [ 0.02691983 -0.3424362 ]
Actor Node | Step: 234700 | Output Action: [ 0.50158834 -0.886008  ]
Actor Node | Step: 234800 | Output Action: [0.29590243 0.29504174]
Actor Node | Step: 234900 | Output Action: [ 0.7375216 -1.       ]
Actor Node | Step: 235000 | Output Action: [-0.3433215 -0.3825738]
Actor Node | Step: 235100 | Output Action: [ 0.86218333 -1.        ]
Actor Node | Step: 235200 | Output Action: [-0.5816061  -0.12855153]
Actor Node | Step: 235300 | Output Action: [ 1. -1.]
Actor Node | Step: 235400 | Output Action: [ 1.        -0.9923747]
Actor Node | Step: 235500 | Output Action: [ 0.29528946 -0.33621916]
Actor Node | Step: 235600 | Output Action: [ 0.886254 -1.      ]
Actor Node | Step: 235700 | Output Action: [ 1.         -0.12113833]
Actor Node | Step: 235800 | Output Action: [ 0.8271622 -1.       ]
Actor Node | Step: 235900 | Output Action: [0.67509073 0.8429806 ]
Actor Node | Step: 236000 | Output Action: [ 0.7196665  -0.19216727]
Actor Node | Step: 236100 | Output Action: [ 0.54565847 -1.        ]
Actor Node | Step: 236200 | Output Action: [ 0.72779447 -0.87203866]
Actor Node | Step: 236300 | Output Action: [0.2744813 0.8563152]
Actor Node | Step: 236400 | Output Action: [ 0.9228993 -1.       ]
Actor Node | Step: 236500 | Output Action: [ 0.3085308 -1.       ]
Actor Node | Step: 236600 | Output Action: [ 0.2897828 -1.       ]
Actor Node | Step: 236700 | Output Action: [-0.1611765  -0.24143434]
Actor Node | Step: 236800 | Output Action: [ 0.48652565 -0.7189425 ]
Actor Node | Step: 236900 | Output Action: [0.7176887 0.8824564]
Actor Node | Step: 237000 | Output Action: [0.20294923 0.7191265 ]
Actor Node | Step: 237100 | Output Action: [ 0.3014292  -0.50813615]
Actor Node | Step: 237200 | Output Action: [-0.11693951  0.71665084]
Actor Node | Step: 237300 | Output Action: [-0.20689066 -0.8574399 ]
Actor Node | Step: 237400 | Output Action: [ 0.8976219  -0.45177302]
Actor Node | Step: 237500 | Output Action: [-0.39345017 -0.8116217 ]
Actor Node | Step: 237600 | Output Action: [-0.09031169 -0.8131616 ]
Actor Node | Step: 237700 | Output Action: [-0.25764772 -0.10714827]
Actor Node | Step: 237800 | Output Action: [0.52181864 0.25859338]
Actor Node | Step: 237900 | Output Action: [-0.01710763 -0.68858886]
Actor Node | Step: 238000 | Output Action: [-0.45421264 -0.275777  ]
Actor Node | Step: 238100 | Output Action: [ 1.        -0.9808212]
Actor Node | Step: 238200 | Output Action: [0.26477405 0.19433647]
Actor Node | Step: 238300 | Output Action: [ 0.2657371  -0.67934525]
Actor Node | Step: 238400 | Output Action: [ 0.5072208 -0.7321748]
Actor Node | Step: 238500 | Output Action: [ 0.35457754 -0.06255424]
Actor Node | Step: 238600 | Output Action: [ 0.76427436 -1.        ]
Actor Node | Step: 238700 | Output Action: [ 0.34060037 -0.48752433]
Actor Node | Step: 238800 | Output Action: [ 0.564038   -0.06410138]
Actor Node | Step: 238900 | Output Action: [ 0.40931115 -0.27917606]
Actor Node | Step: 239000 | Output Action: [-0.47022003 -0.67319804]
Actor Node | Step: 239100 | Output Action: [ 1.        -0.8657789]
Actor Node | Step: 239200 | Output Action: [ 0.7232792  -0.99806684]
Actor Node | Step: 239300 | Output Action: [ 0.2951116 -1.       ]
Actor Node | Step: 239400 | Output Action: [ 0.42380002 -0.5817568 ]
Actor Node | Step: 239500 | Output Action: [-0.25932157 -0.75402755]
Actor Node | Step: 239600 | Output Action: [-0.10015531 -0.69663864]
Actor Node | Step: 239700 | Output Action: [ 0.36388755 -0.7636659 ]
Actor Node | Step: 239800 | Output Action: [-0.1459309   0.13612214]
Actor Node | Step: 239900 | Output Action: [ 0.1563306  -0.32063875]
Actor Node | Step: 240000 | Output Action: [0.9103936 1.       ]
Actor Node | Step: 240100 | Output Action: [-0.18262514  0.2856345 ]
Actor Node | Step: 240200 | Output Action: [ 1. -1.]
Actor Node | Step: 240300 | Output Action: [-0.68114716 -0.275663  ]
Actor Node | Step: 240400 | Output Action: [0.5427133  0.57913077]
Actor Node | Step: 240500 | Output Action: [ 0.1363236  -0.33696482]
Actor Node | Step: 240600 | Output Action: [-0.96101135  0.2507229 ]
Actor Node | Step: 240700 | Output Action: [ 1. -1.]
Actor Node | Step: 240800 | Output Action: [-0.669849  -0.0988451]
Actor Node | Step: 240900 | Output Action: [ 0.99834156 -1.        ]
Actor Node | Step: 241000 | Output Action: [-0.4763     -0.35594678]
Actor Node | Step: 241100 | Output Action: [ 1. -1.]
Actor Node | Step: 241200 | Output Action: [ 0.55746454 -0.9447588 ]
Actor Node | Step: 241300 | Output Action: [0.964224   0.84070843]
Actor Node | Step: 241400 | Output Action: [ 1.        -0.8739201]
Actor Node | Step: 241500 | Output Action: [ 0.2990614 -1.       ]
Actor Node | Step: 241600 | Output Action: [ 0.14146139 -0.31815034]
Actor Node | Step: 241700 | Output Action: [ 0.3160906 -0.612652 ]
Actor Node | Step: 241800 | Output Action: [ 0.9014109 -0.6817733]
Actor Node | Step: 241900 | Output Action: [-0.2821347   0.44158164]
Actor Node | Step: 242000 | Output Action: [ 0.36427963 -1.        ]
Actor Node | Step: 242100 | Output Action: [ 0.5645002 -1.       ]
Actor Node | Step: 242200 | Output Action: [ 0.48101166 -0.52732915]
Actor Node | Step: 242300 | Output Action: [ 0.744286   -0.81131953]
Actor Node | Step: 242400 | Output Action: [ 0.6326395 -1.       ]
Actor Node | Step: 242500 | Output Action: [ 0.8013494 -0.4886429]
Actor Node | Step: 242600 | Output Action: [-0.5500428 -0.905074 ]
Actor Node | Step: 242700 | Output Action: [ 0.03852776 -1.        ]
Actor Node | Step: 242800 | Output Action: [ 0.18875733 -0.72919774]
Actor Node | Step: 242900 | Output Action: [-0.19256327  0.203744  ]
Actor Node | Step: 243000 | Output Action: [ 0.96901745 -0.6279166 ]
Actor Node | Step: 243100 | Output Action: [ 0.14609076 -0.30780014]
Actor Node | Step: 243200 | Output Action: [-0.2538828  -0.68714815]
Actor Node | Step: 243300 | Output Action: [-0.1383834  -0.27957422]
Actor Node | Step: 243400 | Output Action: [-0.21346678 -1.        ]
Actor Node | Step: 243500 | Output Action: [ 0.56343883 -0.9015451 ]
Actor Node | Step: 243600 | Output Action: [-0.98469114 -0.2249423 ]
Actor Node | Step: 243700 | Output Action: [ 0.55879873 -0.848271  ]
Actor Node | Step: 243800 | Output Action: [ 0.7207712 -0.9117307]
Actor Node | Step: 243900 | Output Action: [0.00257237 0.06988999]
Actor Node | Step: 244000 | Output Action: [-0.61895055 -0.30565408]
Actor Node | Step: 244100 | Output Action: [ 0.09284459 -0.9242342 ]
Actor Node | Step: 244200 | Output Action: [ 0.5913969 -1.       ]
Actor Node | Step: 244300 | Output Action: [ 0.4290983 -0.6929773]
Actor Node | Step: 244400 | Output Action: [ 0.24573824 -0.8677881 ]
Actor Node | Step: 244500 | Output Action: [-0.37352157 -0.94217175]
Actor Node | Step: 244600 | Output Action: [-0.22543791 -0.8080523 ]
Actor Node | Step: 244700 | Output Action: [ 0.8325833 -0.6951316]
Actor Node | Step: 244800 | Output Action: [-0.34121317 -1.        ]
Actor Node | Step: 244900 | Output Action: [-0.07185815 -0.594194  ]
Actor Node | Step: 245000 | Output Action: [ 0.45569766 -0.8423766 ]
Actor Node | Step: 245100 | Output Action: [-0.5381604  -0.93567985]
Actor Node | Step: 245200 | Output Action: [-0.40276352 -0.82993615]
Actor Node | Step: 245300 | Output Action: [ 0.5818488  -0.78761727]
Actor Node | Step: 245400 | Output Action: [ 0.41698885 -1.        ]
Actor Node | Step: 245500 | Output Action: [ 0.61936885 -1.        ]
Actor Node | Step: 245600 | Output Action: [ 0.5738149  -0.97178155]
Actor Node | Step: 245700 | Output Action: [ 0.41028613 -1.        ]
Actor Node | Step: 245800 | Output Action: [ 0.0554566 -1.       ]
Actor Node | Step: 245900 | Output Action: [ 0.17633131 -0.8531801 ]
Actor Node | Step: 246000 | Output Action: [-0.15518704 -0.80533683]
Actor Node | Step: 246100 | Output Action: [-1.         0.6327321]
Actor Node | Step: 246200 | Output Action: [-0.30928934 -0.8508262 ]
Actor Node | Step: 246300 | Output Action: [ 0.69679767 -0.8552438 ]
Actor Node | Step: 246400 | Output Action: [ 1.         -0.64800376]
Actor Node | Step: 246500 | Output Action: [ 0.34792536 -0.55291265]
Actor Node | Step: 246600 | Output Action: [ 0.25938204 -0.95835024]
Actor Node | Step: 246700 | Output Action: [ 0.73150694 -0.52085227]
Actor Node | Step: 246800 | Output Action: [ 0.7874931 -1.       ]
Actor Node | Step: 246900 | Output Action: [-0.27144626 -0.23827192]
Actor Node | Step: 247000 | Output Action: [0.02891591 0.02603595]
Actor Node | Step: 247100 | Output Action: [ 0.8346276 -1.       ]
Actor Node | Step: 247200 | Output Action: [ 0.8698434 -1.       ]
Actor Node | Step: 247300 | Output Action: [-0.8085922   0.38723528]
Actor Node | Step: 247400 | Output Action: [-0.10005376  0.08452231]
Actor Node | Step: 247500 | Output Action: [0.9118505  0.97756517]
Actor Node | Step: 247600 | Output Action: [-0.06731734 -0.62468493]
Actor Node | Step: 247700 | Output Action: [ 0.70079297 -1.        ]
Actor Node | Step: 247800 | Output Action: [-0.40953508 -0.31476167]
Actor Node | Step: 247900 | Output Action: [-0.21830541 -0.23213522]
Actor Node | Step: 248000 | Output Action: [-0.05726588 -0.26408526]
Actor Node | Step: 248100 | Output Action: [-0.23476772 -0.7121045 ]
Actor Node | Step: 248200 | Output Action: [-1.        -0.7591119]
Actor Node | Step: 248300 | Output Action: [-0.48295805 -0.7109741 ]
Actor Node | Step: 248400 | Output Action: [ 0.62154055 -0.9692783 ]
Actor Node | Step: 248500 | Output Action: [-0.06520879 -0.7966069 ]
Actor Node | Step: 248600 | Output Action: [ 1. -1.]
Actor Node | Step: 248700 | Output Action: [ 0.77818835 -0.8433296 ]
Actor Node | Step: 248800 | Output Action: [ 0.71251774 -0.58318585]
Actor Node | Step: 248900 | Output Action: [ 0.6867588 -1.       ]
Actor Node | Step: 249000 | Output Action: [ 0.8129523 -0.644512 ]
Actor Node | Step: 249100 | Output Action: [ 0.23252384 -0.11237565]
Actor Node | Step: 249200 | Output Action: [-0.11680515  0.1636245 ]
Actor Node | Step: 249300 | Output Action: [ 0.37546903 -1.        ]
Actor Node | Step: 249400 | Output Action: [ 1.        -0.5851193]
Actor Node | Step: 249500 | Output Action: [-0.49175966 -0.5204618 ]
Actor Node | Step: 249600 | Output Action: [ 0.25309837 -0.6622698 ]
Actor Node | Step: 249700 | Output Action: [-0.28682244 -0.42456496]
Actor Node | Step: 249800 | Output Action: [ 0.5504614 -0.8708843]
Actor Node | Step: 249900 | Output Action: [-0.09903443 -0.11260022]
Actor Node | Step: 250000 | Output Action: [ 1. -1.]
Actor Node | Step: 250100 | Output Action: [-0.5434627   0.04943139]
Actor Node | Step: 250200 | Output Action: [-0.06992856 -0.9399902 ]
Actor Node | Step: 250300 | Output Action: [ 0.44719732 -0.59123904]
Actor Node | Step: 250400 | Output Action: [ 0.89072967 -1.        ]
Actor Node | Step: 250500 | Output Action: [ 0.38700765 -1.        ]
Actor Node | Step: 250600 | Output Action: [ 0.8020264 -0.9944925]
Actor Node | Step: 250700 | Output Action: [ 1.        -0.7538755]
Actor Node | Step: 250800 | Output Action: [-0.38320407  0.03058242]
Actor Node | Step: 250900 | Output Action: [ 0.15299872 -1.        ]
Actor Node | Step: 251000 | Output Action: [ 0.4844613 -1.       ]
Actor Node | Step: 251100 | Output Action: [ 0.0916818 -1.       ]
Actor Node | Step: 251200 | Output Action: [-0.620569  -0.6664537]
Actor Node | Step: 251300 | Output Action: [ 0.73625284 -0.2301664 ]
Actor Node | Step: 251400 | Output Action: [-0.6468213  0.9743889]
Actor Node | Step: 251500 | Output Action: [ 0.62611496 -0.5912843 ]
Actor Node | Step: 251600 | Output Action: [ 0.14473113 -0.0811884 ]
Actor Node | Step: 251700 | Output Action: [-0.23987333 -0.64846015]
Actor Node | Step: 251800 | Output Action: [-0.86714214 -1.        ]
Actor Node | Step: 251900 | Output Action: [ 0.82614654 -1.        ]
Actor Node | Step: 252000 | Output Action: [ 0.7732438 -1.       ]
Actor Node | Step: 252100 | Output Action: [ 0.3126503  -0.27181083]
Actor Node | Step: 252200 | Output Action: [ 0.30437338 -0.44724104]
Actor Node | Step: 252300 | Output Action: [-0.19767335 -0.35419893]
Actor Node | Step: 252400 | Output Action: [-1.      -0.94122]
Actor Node | Step: 252500 | Output Action: [ 0.7725148 -0.3384256]
Actor Node | Step: 252600 | Output Action: [-0.38656494 -0.9425078 ]
Actor Node | Step: 252700 | Output Action: [ 0.78555363 -1.        ]
Actor Node | Step: 252800 | Output Action: [-0.38045216 -0.69903123]
Actor Node | Step: 252900 | Output Action: [ 0.8751736 -0.8878759]
Actor Node | Step: 253000 | Output Action: [ 0.45276603 -1.        ]
Actor Node | Step: 253100 | Output Action: [-0.5969758   0.42015833]
Actor Node | Step: 253200 | Output Action: [ 0.9107473 -1.       ]
Actor Node | Step: 253300 | Output Action: [ 0.9859704 -1.       ]
Actor Node | Step: 253400 | Output Action: [-0.24918921 -0.7028533 ]
Actor Node | Step: 253500 | Output Action: [ 0.8021964 -0.9245905]
Actor Node | Step: 253600 | Output Action: [ 1. -1.]
Actor Node | Step: 253700 | Output Action: [-0.8607229 -0.8469902]
Actor Node | Step: 253800 | Output Action: [-0.3298582  -0.48841587]
Actor Node | Step: 253900 | Output Action: [-0.32939592 -0.6129461 ]
Actor Node | Step: 254000 | Output Action: [ 0.9637149 -0.7891809]
Actor Node | Step: 254100 | Output Action: [ 0.7128471  -0.96641684]
Actor Node | Step: 254200 | Output Action: [-0.18868914 -0.6221714 ]
Actor Node | Step: 254300 | Output Action: [-0.66609776  0.64032054]
Actor Node | Step: 254400 | Output Action: [ 0.608886  -0.7350449]
Actor Node | Step: 254500 | Output Action: [ 0.7613642  -0.79772586]
Actor Node | Step: 254600 | Output Action: [ 0.5557238 -1.       ]
Actor Node | Step: 254700 | Output Action: [ 0.63090813 -0.0059748 ]
Actor Node | Step: 254800 | Output Action: [ 0.11486494 -0.54948884]
Actor Node | Step: 254900 | Output Action: [-0.9937772 -1.       ]
Actor Node | Step: 255000 | Output Action: [ 0.8380399 -1.       ]
Actor Node | Step: 255100 | Output Action: [0.9068748  0.58083504]
Actor Node | Step: 255200 | Output Action: [-0.06164639 -0.03224128]
Actor Node | Step: 255300 | Output Action: [ 0.54333633 -0.92138857]
Actor Node | Step: 255400 | Output Action: [0.8310972 0.3486715]
Actor Node | Step: 255500 | Output Action: [ 0.8090408 -1.       ]
Actor Node | Step: 255600 | Output Action: [-0.05385786 -0.25868767]
Actor Node | Step: 255700 | Output Action: [-0.30168444 -0.40661466]
Actor Node | Step: 255800 | Output Action: [ 0.9889464 -0.8831453]
Actor Node | Step: 255900 | Output Action: [-0.14490555 -0.98069006]
Actor Node | Step: 256000 | Output Action: [ 0.880932   -0.93798137]
Actor Node | Step: 256100 | Output Action: [-0.19817342  0.09434129]
Actor Node | Step: 256200 | Output Action: [ 0.9547503  -0.81691474]
Actor Node | Step: 256300 | Output Action: [ 0.3553351 -1.       ]
Actor Node | Step: 256400 | Output Action: [ 0.8586319 -0.8006841]
Actor Node | Step: 256500 | Output Action: [ 0.409357   -0.65893614]
Actor Node | Step: 256600 | Output Action: [ 0.44183898 -1.        ]
Actor Node | Step: 256700 | Output Action: [ 0.7848005 -1.       ]
Actor Node | Step: 256800 | Output Action: [0.96062064 1.        ]
Actor Node | Step: 256900 | Output Action: [ 0.09701202 -0.9476777 ]
Actor Node | Step: 257000 | Output Action: [ 0.18815158 -0.07015443]
Actor Node | Step: 257100 | Output Action: [-0.29842493  0.4962546 ]
Actor Node | Step: 257200 | Output Action: [ 1.         -0.83600366]
Actor Node | Step: 257300 | Output Action: [ 0.42675406 -0.66072464]
Actor Node | Step: 257400 | Output Action: [0.8140588 1.       ]
Actor Node | Step: 257500 | Output Action: [0.12421989 0.26951152]
Actor Node | Step: 257600 | Output Action: [-0.79668105 -0.35438555]
Actor Node | Step: 257700 | Output Action: [ 0.6719733 -1.       ]
Actor Node | Step: 257800 | Output Action: [-0.47112358 -0.10132026]
Actor Node | Step: 257900 | Output Action: [-0.16120975 -0.932645  ]
Actor Node | Step: 258000 | Output Action: [ 0.13541584 -0.58508617]
Actor Node | Step: 258100 | Output Action: [-0.33702737 -0.23899737]
Actor Node | Step: 258200 | Output Action: [ 0.32989702 -0.7619129 ]
Actor Node | Step: 258300 | Output Action: [-0.4496319 -1.       ]
Actor Node | Step: 258400 | Output Action: [-0.23750918 -0.40267438]
Actor Node | Step: 258500 | Output Action: [ 0.916803  -0.8397047]
Actor Node | Step: 258600 | Output Action: [-0.6590009 -0.8690217]
Actor Node | Step: 258700 | Output Action: [ 0.6974365 -0.854815 ]
Actor Node | Step: 258800 | Output Action: [ 0.38573456 -0.09044757]
Actor Node | Step: 258900 | Output Action: [ 0.91880316 -1.        ]
Actor Node | Step: 259000 | Output Action: [0.10099664 0.2811801 ]
Actor Node | Step: 259100 | Output Action: [0.80248535 0.5151783 ]
Actor Node | Step: 259200 | Output Action: [ 0.16995244 -0.6634434 ]
Actor Node | Step: 259300 | Output Action: [-0.37112135 -0.3593328 ]
Actor Node | Step: 259400 | Output Action: [ 0.49175984 -0.9090173 ]
Actor Node | Step: 259500 | Output Action: [ 0.80296797 -0.5669191 ]
Actor Node | Step: 259600 | Output Action: [ 0.68577313 -0.73086613]
Actor Node | Step: 259700 | Output Action: [ 0.5451972 -0.7099814]
Actor Node | Step: 259800 | Output Action: [ 0.62781674 -0.9941028 ]
Actor Node | Step: 259900 | Output Action: [ 0.659714 -1.      ]
Actor Node | Step: 260000 | Output Action: [-0.4971893 -0.8007316]
Actor Node | Step: 260100 | Output Action: [ 0.69128424 -0.9772774 ]
Actor Node | Step: 260200 | Output Action: [ 0.8994857  -0.73375267]
Actor Node | Step: 260300 | Output Action: [0.09296562 0.11961748]
Actor Node | Step: 260400 | Output Action: [0.39725015 1.        ]
Actor Node | Step: 260500 | Output Action: [ 0.46207446 -0.22310586]
Actor Node | Step: 260600 | Output Action: [ 0.9219152 -0.317555 ]
Actor Node | Step: 260700 | Output Action: [ 1. -1.]
Actor Node | Step: 260800 | Output Action: [-0.9245646  -0.43063623]
Actor Node | Step: 260900 | Output Action: [ 0.938263   -0.99775994]
Actor Node | Step: 261000 | Output Action: [-0.16766456 -0.5058625 ]
Actor Node | Step: 261100 | Output Action: [-0.49272525 -0.19842263]
Actor Node | Step: 261200 | Output Action: [-0.08718289  0.25415802]
Actor Node | Step: 261300 | Output Action: [-0.15128686  0.242144  ]
Actor Node | Step: 261400 | Output Action: [ 0.1582533  -0.95176315]
Actor Node | Step: 261500 | Output Action: [-0.22843142 -0.43254104]
Actor Node | Step: 261600 | Output Action: [ 0.03246896 -0.16938928]
Actor Node | Step: 261700 | Output Action: [ 1. -1.]
